geographic_subregion,time,freq,gender,lex_at_15
910,1950,5yr,1,41.1838
910,1955,5yr,1,42.44355
910,1960,5yr,1,43.74921
910,1965,5yr,1,44.71168
910,1970,5yr,1,45.57765
910,1975,5yr,1,46.34763
910,1980,5yr,1,46.49914
910,1985,5yr,1,46.18631
910,1990,5yr,1,43.97464
910,1995,5yr,1,43.01397
910,2000,5yr,1,43.63097
910,2005,5yr,1,46.81615
910,2010,5yr,1,50.1123
910,2015,5yr,1,52.28528
910,2020,5yr,1,53.18849
910,2025,5yr,1,54.02452
910,2030,5yr,1,54.77037
910,2035,5yr,1,55.4459
910,2040,5yr,1,56.07365
910,2045,5yr,1,56.68329
910,2050,5yr,1,57.2746
910,2055,5yr,1,57.87292
910,2060,5yr,1,58.47507
910,2065,5yr,1,59.08959
910,2070,5yr,1,59.73224
910,2075,5yr,1,60.37464
910,2080,5yr,1,61.04926
910,2085,5yr,1,61.74586
910,2090,5yr,1,62.44631
910,2095,5yr,1,63.16397
911,1950,5yr,1,41.08598
911,1955,5yr,1,41.9424
911,1960,5yr,1,42.72225
911,1965,5yr,1,43.59925
911,1970,5yr,1,44.62675
911,1975,5yr,1,45.32325
911,1980,5yr,1,45.98321
911,1985,5yr,1,46.36898
911,1990,5yr,1,46.31826
911,1995,5yr,1,45.67981
911,2000,5yr,1,46.38026
911,2005,5yr,1,47.96856
911,2010,5yr,1,49.44107
911,2015,5yr,1,50.58196
911,2020,5yr,1,51.33072
911,2025,5yr,1,52.05
911,2030,5yr,1,52.7135
911,2035,5yr,1,53.31113
911,2040,5yr,1,53.85227
911,2045,5yr,1,54.35144
911,2050,5yr,1,54.80262
911,2055,5yr,1,55.22586
911,2060,5yr,1,55.62677
911,2065,5yr,1,56.01457
911,2070,5yr,1,56.39425
911,2075,5yr,1,56.77824
911,2080,5yr,1,57.14914
911,2085,5yr,1,57.53723
911,2090,5yr,1,57.94074
911,2095,5yr,1,58.34455
913,1950,5yr,1,43.33719
913,1955,5yr,1,44.1502
913,1960,5yr,1,44.9728
913,1965,5yr,1,45.90161
913,1970,5yr,1,46.87016
913,1975,5yr,1,47.74782
913,1980,5yr,1,48.67956
913,1985,5yr,1,50.16716
913,1990,5yr,1,49.58576
913,1995,5yr,1,45.44197
913,2000,5yr,1,41.50407
913,2005,5yr,1,41.64783
913,2010,5yr,1,45.83553
913,2015,5yr,1,48.08979
913,2020,5yr,1,49.00529
913,2025,5yr,1,49.92533
913,2030,5yr,1,50.73831
913,2035,5yr,1,51.46492
913,2040,5yr,1,52.13983
913,2045,5yr,1,52.76329
913,2050,5yr,1,53.34307
913,2055,5yr,1,53.91512
913,2060,5yr,1,54.47934
913,2065,5yr,1,55.06135
913,2070,5yr,1,55.65539
913,2075,5yr,1,56.26724
913,2080,5yr,1,56.88307
913,2085,5yr,1,57.51555
913,2090,5yr,1,58.1839
913,2095,5yr,1,58.89386
914,1950,5yr,1,38.61776
914,1955,5yr,1,39.74372
914,1960,5yr,1,40.88588
914,1965,5yr,1,41.95818
914,1970,5yr,1,43.16093
914,1975,5yr,1,44.58279
914,1980,5yr,1,45.85484
914,1985,5yr,1,46.49144
914,1990,5yr,1,46.61523
914,1995,5yr,1,46.12476
914,2000,5yr,1,45.83615
914,2005,5yr,1,47.17513
914,2010,5yr,1,48.16826
914,2015,5yr,1,49.10062
914,2020,5yr,1,49.87111
914,2025,5yr,1,50.6676
914,2030,5yr,1,51.42356
914,2035,5yr,1,52.11862
914,2040,5yr,1,52.75674
914,2045,5yr,1,53.34288
914,2050,5yr,1,53.88047
914,2055,5yr,1,54.38092
914,2060,5yr,1,54.84697
914,2065,5yr,1,55.29155
914,2070,5yr,1,55.71787
914,2075,5yr,1,56.12729
914,2080,5yr,1,56.52649
914,2085,5yr,1,56.92312
914,2090,5yr,1,57.32577
914,2095,5yr,1,57.73597
912,1950,5yr,1,47.26378
912,1955,5yr,1,48.04765
912,1960,5yr,1,48.93708
912,1965,5yr,1,49.80623
912,1970,5yr,1,50.67911
912,1975,5yr,1,51.53486
912,1980,5yr,1,52.60594
912,1985,5yr,1,53.55695
912,1990,5yr,1,54.13444
912,1995,5yr,1,54.71454
912,2000,5yr,1,55.61889
912,2005,5yr,1,56.75424
912,2010,5yr,1,57.62973
912,2015,5yr,1,58.31318
912,2020,5yr,1,58.89326
912,2025,5yr,1,59.48832
912,2030,5yr,1,60.07524
912,2035,5yr,1,60.65232
912,2040,5yr,1,61.22937
912,2045,5yr,1,61.80976
912,2050,5yr,1,62.39107
912,2055,5yr,1,62.96884
912,2060,5yr,1,63.5228
912,2065,5yr,1,64.04211
912,2070,5yr,1,64.56333
912,2075,5yr,1,65.07291
912,2080,5yr,1,65.60613
912,2085,5yr,1,66.16689
912,2090,5yr,1,66.75418
912,2095,5yr,1,67.3201
922,1950,5yr,1,45.71119
922,1955,5yr,1,47.46035
922,1960,5yr,1,49.07745
922,1965,5yr,1,50.50725
922,1970,5yr,1,51.72925
922,1975,5yr,1,52.84677
922,1980,5yr,1,52.46485
922,1985,5yr,1,54.16888
922,1990,5yr,1,55.03387
922,1995,5yr,1,55.80266
922,2000,5yr,1,56.8983
922,2005,5yr,1,57.44609
922,2010,5yr,1,58.23304
922,2015,5yr,1,59.31711
922,2020,5yr,1,60.48799
922,2025,5yr,1,61.20439
922,2030,5yr,1,61.84341
922,2035,5yr,1,62.44079
922,2040,5yr,1,63.02646
922,2045,5yr,1,63.57681
922,2050,5yr,1,64.08506
922,2055,5yr,1,64.54985
922,2060,5yr,1,64.99222
922,2065,5yr,1,65.43498
922,2070,5yr,1,65.8949
922,2075,5yr,1,66.35115
922,2080,5yr,1,66.82896
922,2085,5yr,1,67.29958
922,2090,5yr,1,67.77011
922,2095,5yr,1,68.23838
5500,1950,5yr,1,47.10857
5500,1955,5yr,1,48.24778
5500,1960,5yr,1,49.34744
5500,1965,5yr,1,50.49706
5500,1970,5yr,1,51.28777
5500,1975,5yr,1,51.7483
5500,1980,5yr,1,52.57676
5500,1985,5yr,1,53.55306
5500,1990,5yr,1,51.83175
5500,1995,5yr,1,50.44897
5500,2000,5yr,1,51.21104
5500,2005,5yr,1,52.09474
5500,2010,5yr,1,53.81005
5500,2015,5yr,1,55.5613
5500,2020,5yr,1,56.00383
5500,2025,5yr,1,56.46538
5500,2030,5yr,1,56.94543
5500,2035,5yr,1,57.44263
5500,2040,5yr,1,57.96208
5500,2045,5yr,1,58.5021
5500,2050,5yr,1,59.07241
5500,2055,5yr,1,59.67613
5500,2060,5yr,1,60.30527
5500,2065,5yr,1,60.96771
5500,2070,5yr,1,61.66876
5500,2075,5yr,1,62.40177
5500,2080,5yr,1,63.13479
5500,2085,5yr,1,63.89106
5500,2090,5yr,1,64.65866
5500,2095,5yr,1,65.39347
5501,1950,5yr,1,40.46592
5501,1955,5yr,1,42.61881
5501,1960,5yr,1,44.85312
5501,1965,5yr,1,47.14713
5501,1970,5yr,1,49.15231
5501,1975,5yr,1,50.37357
5501,1980,5yr,1,50.32658
5501,1985,5yr,1,51.21108
5501,1990,5yr,1,52.54315
5501,1995,5yr,1,53.4413
5501,2000,5yr,1,54.23336
5501,2005,5yr,1,55.02644
5501,2010,5yr,1,56.02735
5501,2015,5yr,1,56.72561
5501,2020,5yr,1,57.34766
5501,2025,5yr,1,57.92447
5501,2030,5yr,1,58.45839
5501,2035,5yr,1,58.96885
5501,2040,5yr,1,59.48013
5501,2045,5yr,1,60.00193
5501,2050,5yr,1,60.52436
5501,2055,5yr,1,61.06033
5501,2060,5yr,1,61.59674
5501,2065,5yr,1,62.16855
5501,2070,5yr,1,62.75569
5501,2075,5yr,1,63.35306
5501,2080,5yr,1,63.9697
5501,2085,5yr,1,64.6018
5501,2090,5yr,1,65.23376
5501,2095,5yr,1,65.89261
906,1950,5yr,1,42.65212
906,1955,5yr,1,43.12222
906,1960,5yr,1,43.91244
906,1965,5yr,1,50.20304
906,1970,5yr,1,53.4817
906,1975,5yr,1,55.46851
906,1980,5yr,1,56.40994
906,1985,5yr,1,57.35233
906,1990,5yr,1,57.3771
906,1995,5yr,1,57.87329
906,2000,5yr,1,59.05141
906,2005,5yr,1,59.58235
906,2010,5yr,1,60.30164
906,2015,5yr,1,61.49203
906,2020,5yr,1,62.16361
906,2025,5yr,1,62.84522
906,2030,5yr,1,63.56358
906,2035,5yr,1,64.30224
906,2040,5yr,1,65.07632
906,2045,5yr,1,65.8838
906,2050,5yr,1,66.69529
906,2055,5yr,1,67.48532
906,2060,5yr,1,68.25527
906,2065,5yr,1,68.92128
906,2070,5yr,1,69.54966
906,2075,5yr,1,70.0896
906,2080,5yr,1,70.57365
906,2085,5yr,1,71.06591
906,2090,5yr,1,71.55701
906,2095,5yr,1,72.04716
920,1950,5yr,1,44.71025
920,1955,5yr,1,46.15638
920,1960,5yr,1,47.40006
920,1965,5yr,1,48.2413
920,1970,5yr,1,48.14513
920,1975,5yr,1,49.00828
920,1980,5yr,1,51.53782
920,1985,5yr,1,52.68288
920,1990,5yr,1,53.34405
920,1995,5yr,1,53.81619
920,2000,5yr,1,54.23783
920,2005,5yr,1,55.11484
920,2010,5yr,1,55.99692
920,2015,5yr,1,56.90816
920,2020,5yr,1,57.47048
920,2025,5yr,1,58.096
920,2030,5yr,1,58.74605
920,2035,5yr,1,59.36392
920,2040,5yr,1,60.0114
920,2045,5yr,1,60.64436
920,2050,5yr,1,61.29089
920,2055,5yr,1,61.95419
920,2060,5yr,1,62.65668
920,2065,5yr,1,63.35731
920,2070,5yr,1,64.05108
920,2075,5yr,1,64.77371
920,2080,5yr,1,65.4826
920,2085,5yr,1,66.20471
920,2090,5yr,1,66.90057
920,2095,5yr,1,67.60631
915,1950,5yr,1,49.17868
915,1955,5yr,1,50.91068
915,1960,5yr,1,52.16929
915,1965,5yr,1,53.4291
915,1970,5yr,1,54.29027
915,1975,5yr,1,55.02578
915,1980,5yr,1,55.60517
915,1985,5yr,1,55.84363
915,1990,5yr,1,55.92626
915,1995,5yr,1,56.4128
915,2000,5yr,1,56.96845
915,2005,5yr,1,57.75068
915,2010,5yr,1,58.41103
915,2015,5yr,1,58.99825
915,2020,5yr,1,59.51083
915,2025,5yr,1,60.12332
915,2030,5yr,1,60.80693
915,2035,5yr,1,61.36001
915,2040,5yr,1,61.89532
915,2045,5yr,1,62.39464
915,2050,5yr,1,62.85801
915,2055,5yr,1,63.29355
915,2060,5yr,1,63.73951
915,2065,5yr,1,64.2063
915,2070,5yr,1,64.68329
915,2075,5yr,1,65.16739
915,2080,5yr,1,65.66207
915,2085,5yr,1,66.11516
915,2090,5yr,1,66.59222
915,2095,5yr,1,67.06093
916,1950,5yr,1,46.93919
916,1955,5yr,1,49.4077
916,1960,5yr,1,51.09175
916,1965,5yr,1,51.86387
916,1970,5yr,1,52.47536
916,1975,5yr,1,52.76154
916,1980,5yr,1,53.52384
916,1985,5yr,1,55.0556
916,1990,5yr,1,56.62115
916,1995,5yr,1,57.43797
916,2000,5yr,1,58.75982
916,2005,5yr,1,58.66025
916,2010,5yr,1,58.45474
916,2015,5yr,1,58.63155
916,2020,5yr,1,59.15301
916,2025,5yr,1,59.9197
916,2030,5yr,1,60.92972
916,2035,5yr,1,61.73535
916,2040,5yr,1,62.56275
916,2045,5yr,1,63.41164
916,2050,5yr,1,64.24705
916,2055,5yr,1,65.11467
916,2060,5yr,1,65.96657
916,2065,5yr,1,66.79611
916,2070,5yr,1,67.56527
916,2075,5yr,1,68.24941
916,2080,5yr,1,68.85862
916,2085,5yr,1,69.43843
916,2090,5yr,1,69.96523
916,2095,5yr,1,70.46289
931,1950,5yr,1,48.58641
931,1955,5yr,1,49.85149
931,1960,5yr,1,50.74181
931,1965,5yr,1,51.51142
931,1970,5yr,1,52.31678
931,1975,5yr,1,52.98781
931,1980,5yr,1,53.41796
931,1985,5yr,1,53.67182
931,1990,5yr,1,54.27294
931,1995,5yr,1,55.19065
931,2000,5yr,1,56.16508
931,2005,5yr,1,57.11858
931,2010,5yr,1,58.03924
931,2015,5yr,1,58.88603
931,2020,5yr,1,59.7468
931,2025,5yr,1,60.63094
931,2030,5yr,1,61.53275
931,2035,5yr,1,62.4522
931,2040,5yr,1,63.37911
931,2045,5yr,1,64.29175
931,2050,5yr,1,65.18091
931,2055,5yr,1,66.0152
931,2060,5yr,1,66.7639
931,2065,5yr,1,67.45002
931,2070,5yr,1,68.06453
931,2075,5yr,1,68.67127
931,2080,5yr,1,69.25482
931,2085,5yr,1,69.81569
931,2090,5yr,1,70.35433
931,2095,5yr,1,70.8966
928,1950,5yr,1,34.63805
928,1955,5yr,1,37.20542
928,1960,5yr,1,38.51428
928,1965,5yr,1,40.65129
928,1970,5yr,1,42.73718
928,1975,5yr,1,45.0234
928,1980,5yr,1,46.51224
928,1985,5yr,1,47.43743
928,1990,5yr,1,48.43431
928,1995,5yr,1,49.40483
928,2000,5yr,1,50.38693
928,2005,5yr,1,51.44564
928,2010,5yr,1,52.25941
928,2015,5yr,1,53.07283
928,2020,5yr,1,53.58248
928,2025,5yr,1,54.02973
928,2030,5yr,1,54.46045
928,2035,5yr,1,54.83998
928,2040,5yr,1,55.21075
928,2045,5yr,1,55.56973
928,2050,5yr,1,55.92728
928,2055,5yr,1,56.2998
928,2060,5yr,1,56.66129
928,2065,5yr,1,57.03351
928,2070,5yr,1,57.4362
928,2075,5yr,1,57.85864
928,2080,5yr,1,58.30342
928,2085,5yr,1,58.77563
928,2090,5yr,1,59.27613
928,2095,5yr,1,59.81311
954,1950,5yr,1,46.56581
954,1955,5yr,1,47.47936
954,1960,5yr,1,48.39639
954,1965,5yr,1,49.35338
954,1970,5yr,1,50.27445
954,1975,5yr,1,51.2264
954,1980,5yr,1,52.2457
954,1985,5yr,1,53.16679
954,1990,5yr,1,54.035
954,1995,5yr,1,54.88364
954,2000,5yr,1,55.87967
954,2005,5yr,1,56.53853
954,2010,5yr,1,57.30934
954,2015,5yr,1,58.08943
954,2020,5yr,1,58.7265
954,2025,5yr,1,59.35356
954,2030,5yr,1,59.95978
954,2035,5yr,1,60.50735
954,2040,5yr,1,61.01335
954,2045,5yr,1,61.47672
954,2050,5yr,1,61.93475
954,2055,5yr,1,62.38056
954,2060,5yr,1,62.86804
954,2065,5yr,1,63.43498
954,2070,5yr,1,64.02578
954,2075,5yr,1,64.63089
954,2080,5yr,1,65.24286
954,2085,5yr,1,65.80575
954,2090,5yr,1,66.37937
954,2095,5yr,1,66.96923
957,1950,5yr,1,45.42178
957,1955,5yr,1,47.51216
957,1960,5yr,1,48.62664
957,1965,5yr,1,49.57831
957,1970,5yr,1,50.47936
957,1975,5yr,1,51.11838
957,1980,5yr,1,52.0721
957,1985,5yr,1,52.63623
957,1990,5yr,1,53.71692
957,1995,5yr,1,54.43581
957,2000,5yr,1,55.6199
957,2005,5yr,1,56.97754
957,2010,5yr,1,58.0194
957,2015,5yr,1,59.0072
957,2020,5yr,1,59.6583
957,2025,5yr,1,60.34061
957,2030,5yr,1,61.00237
957,2035,5yr,1,61.66696
957,2040,5yr,1,62.35186
957,2045,5yr,1,63.03868
957,2050,5yr,1,63.71179
957,2055,5yr,1,64.34687
957,2060,5yr,1,64.9433
957,2065,5yr,1,65.49684
957,2070,5yr,1,66.02036
957,2075,5yr,1,66.52563
957,2080,5yr,1,67.08277
957,2085,5yr,1,67.65624
957,2090,5yr,1,68.24007
957,2095,5yr,1,68.8032
923,1950,5yr,1,51.224
923,1955,5yr,1,52.9255
923,1960,5yr,1,53.77576
923,1965,5yr,1,53.21419
923,1970,5yr,1,52.52124
923,1975,5yr,1,51.63487
923,1980,5yr,1,51.12316
923,1985,5yr,1,52.46699
923,1990,5yr,1,50.0823
923,1995,5yr,1,49.29981
923,2000,5yr,1,48.85134
923,2005,5yr,1,50.19555
923,2010,5yr,1,53.07816
923,2015,5yr,1,54.62862
923,2020,5yr,1,55.36685
923,2025,5yr,1,56.16079
923,2030,5yr,1,56.97921
923,2035,5yr,1,57.81744
923,2040,5yr,1,58.65677
923,2045,5yr,1,59.48384
923,2050,5yr,1,60.32173
923,2055,5yr,1,61.15077
923,2060,5yr,1,61.99799
923,2065,5yr,1,62.83202
923,2070,5yr,1,63.65405
923,2075,5yr,1,64.44043
923,2080,5yr,1,65.16345
923,2085,5yr,1,65.85707
923,2090,5yr,1,66.5071
923,2095,5yr,1,67.12282
924,1950,5yr,1,54.8861
924,1955,5yr,1,55.5036
924,1960,5yr,1,55.59122
924,1965,5yr,1,55.7428
924,1970,5yr,1,55.87256
924,1975,5yr,1,56.22688
924,1980,5yr,1,56.98008
924,1985,5yr,1,57.84767
924,1990,5yr,1,58.41081
924,1995,5yr,1,59.41596
924,2000,5yr,1,60.82565
924,2005,5yr,1,62.15715
924,2010,5yr,1,63.69443
924,2015,5yr,1,64.32907
924,2020,5yr,1,65.24405
924,2025,5yr,1,66.11022
924,2030,5yr,1,66.96552
924,2035,5yr,1,67.74024
924,2040,5yr,1,68.43916
924,2045,5yr,1,69.06696
924,2050,5yr,1,69.63757
924,2055,5yr,1,70.20268
924,2060,5yr,1,70.72796
924,2065,5yr,1,71.26561
924,2070,5yr,1,71.80906
924,2075,5yr,1,72.33237
924,2080,5yr,1,72.84316
924,2085,5yr,1,73.36851
924,2090,5yr,1,73.86433
924,2095,5yr,1,74.38892
925,1950,5yr,1,54.20073
925,1955,5yr,1,55.01237
925,1960,5yr,1,55.63189
925,1965,5yr,1,55.89279
925,1970,5yr,1,56.35599
925,1975,5yr,1,56.82418
925,1980,5yr,1,57.6493
925,1985,5yr,1,58.44209
925,1990,5yr,1,59.00434
925,1995,5yr,1,60.11208
925,2000,5yr,1,61.31067
925,2005,5yr,1,62.62957
925,2010,5yr,1,63.91367
925,2015,5yr,1,64.92593
925,2020,5yr,1,65.73718
925,2025,5yr,1,66.43249
925,2030,5yr,1,67.09843
925,2035,5yr,1,67.74544
925,2040,5yr,1,68.38296
925,2045,5yr,1,68.9884
925,2050,5yr,1,69.60245
925,2055,5yr,1,70.17712
925,2060,5yr,1,70.75125
925,2065,5yr,1,71.31224
925,2070,5yr,1,71.87907
925,2075,5yr,1,72.45631
925,2080,5yr,1,73.01841
925,2085,5yr,1,73.58525
925,2090,5yr,1,74.13463
925,2095,5yr,1,74.69353
926,1950,5yr,1,54.74926
926,1955,5yr,1,55.04412
926,1960,5yr,1,55.22301
926,1965,5yr,1,55.169
926,1970,5yr,1,55.40981
926,1975,5yr,1,55.99836
926,1980,5yr,1,56.83873
926,1985,5yr,1,57.96052
926,1990,5yr,1,58.78385
926,1995,5yr,1,59.98194
926,2000,5yr,1,61.36267
926,2005,5yr,1,62.77766
926,2010,5yr,1,63.83215
926,2015,5yr,1,64.56523
926,2020,5yr,1,65.42767
926,2025,5yr,1,66.28103
926,2030,5yr,1,67.06101
926,2035,5yr,1,67.73312
926,2040,5yr,1,68.34664
926,2045,5yr,1,68.94839
926,2050,5yr,1,69.51733
926,2055,5yr,1,70.06194
926,2060,5yr,1,70.6148
926,2065,5yr,1,71.15319
926,2070,5yr,1,71.6903
926,2075,5yr,1,72.25794
926,2080,5yr,1,72.79818
926,2085,5yr,1,73.3367
926,2090,5yr,1,73.86975
926,2095,5yr,1,74.41035
910,1950,5yr,2,43.43257
910,1955,5yr,2,44.71877
910,1960,5yr,2,46.0867
910,1965,5yr,2,47.09149
910,1970,5yr,2,47.94945
910,1975,5yr,2,48.71682
910,1980,5yr,2,49.01307
910,1985,5yr,2,49.32477
910,1990,5yr,2,47.73318
910,1995,5yr,2,46.54159
910,2000,5yr,2,46.49749
910,2005,5yr,2,49.50717
910,2010,5yr,2,53.41967
910,2015,5yr,2,55.78934
910,2020,5yr,2,56.78111
910,2025,5yr,2,57.7115
910,2030,5yr,2,58.57606
910,2035,5yr,2,59.38504
910,2040,5yr,2,60.15858
910,2045,5yr,2,60.90045
910,2050,5yr,2,61.61112
910,2055,5yr,2,62.29695
910,2060,5yr,2,62.96422
910,2065,5yr,2,63.6129
910,2070,5yr,2,64.23134
910,2075,5yr,2,64.83752
910,2080,5yr,2,65.44463
910,2085,5yr,2,66.03125
910,2090,5yr,2,66.60091
910,2095,5yr,2,67.16453
911,1950,5yr,2,43.59109
911,1955,5yr,2,44.40256
911,1960,5yr,2,45.16648
911,1965,5yr,2,46.03561
911,1970,5yr,2,47.10777
911,1975,5yr,2,47.80856
911,1980,5yr,2,48.55076
911,1985,5yr,2,49.03468
911,1990,5yr,2,49.07207
911,1995,5yr,2,48.46714
911,2000,5yr,2,48.86711
911,2005,5yr,2,50.46925
911,2010,5yr,2,52.19028
911,2015,5yr,2,53.47501
911,2020,5yr,2,54.28793
911,2025,5yr,2,55.08342
911,2030,5yr,2,55.82084
911,2035,5yr,2,56.50932
911,2040,5yr,2,57.14247
911,2045,5yr,2,57.73609
911,2050,5yr,2,58.30035
911,2055,5yr,2,58.84662
911,2060,5yr,2,59.37538
911,2065,5yr,2,59.89116
911,2070,5yr,2,60.4148
911,2075,5yr,2,60.95688
911,2080,5yr,2,61.47903
911,2085,5yr,2,61.99605
911,2090,5yr,2,62.52909
911,2095,5yr,2,63.0545
913,1950,5yr,2,48.26617
913,1955,5yr,2,48.99654
913,1960,5yr,2,49.66333
913,1965,5yr,2,50.41874
913,1970,5yr,2,51.25791
913,1975,5yr,2,52.0665
913,1980,5yr,2,52.90083
913,1985,5yr,2,54.75972
913,1990,5yr,2,55.78709
913,1995,5yr,2,51.82157
913,2000,5yr,2,45.93038
913,2005,5yr,2,45.99192
913,2010,5yr,2,51.76984
913,2015,5yr,2,54.55584
913,2020,5yr,2,55.51207
913,2025,5yr,2,56.42124
913,2030,5yr,2,57.22923
913,2035,5yr,2,57.97314
913,2040,5yr,2,58.6602
913,2045,5yr,2,59.32684
913,2050,5yr,2,59.95285
913,2055,5yr,2,60.56471
913,2060,5yr,2,61.1625
913,2065,5yr,2,61.77343
913,2070,5yr,2,62.36289
913,2075,5yr,2,62.93153
913,2080,5yr,2,63.51192
913,2085,5yr,2,64.07309
913,2090,5yr,2,64.64621
913,2095,5yr,2,65.22039
914,1950,5yr,2,40.48169
914,1955,5yr,2,41.5904
914,1960,5yr,2,42.75997
914,1965,5yr,2,43.83669
914,1970,5yr,2,45.14527
914,1975,5yr,2,46.59604
914,1980,5yr,2,47.88483
914,1985,5yr,2,48.47087
914,1990,5yr,2,48.58205
914,1995,5yr,2,47.67579
914,2000,5yr,2,47.16816
914,2005,5yr,2,48.39037
914,2010,5yr,2,49.50228
914,2015,5yr,2,50.65723
914,2020,5yr,2,51.52893
914,2025,5yr,2,52.45709
914,2030,5yr,2,53.35261
914,2035,5yr,2,54.18553
914,2040,5yr,2,54.96746
914,2045,5yr,2,55.70274
914,2050,5yr,2,56.39002
914,2055,5yr,2,57.03417
914,2060,5yr,2,57.64116
914,2065,5yr,2,58.22298
914,2070,5yr,2,58.78014
914,2075,5yr,2,59.32144
914,2080,5yr,2,59.83859
914,2085,5yr,2,60.35765
914,2090,5yr,2,60.87416
914,2095,5yr,2,61.38692
912,1950,5yr,2,50.42483
912,1955,5yr,2,51.36008
912,1960,5yr,2,52.23578
912,1965,5yr,2,53.18796
912,1970,5yr,2,54.05587
912,1975,5yr,2,54.89278
912,1980,5yr,2,56.24552
912,1985,5yr,2,57.14776
912,1990,5yr,2,57.87356
912,1995,5yr,2,58.47332
912,2000,5yr,2,59.27902
912,2005,5yr,2,60.3116
912,2010,5yr,2,60.9821
912,2015,5yr,2,61.72621
912,2020,5yr,2,62.36382
912,2025,5yr,2,63.03235
912,2030,5yr,2,63.67401
912,2035,5yr,2,64.27955
912,2040,5yr,2,64.83189
912,2045,5yr,2,65.3667
912,2050,5yr,2,65.89379
912,2055,5yr,2,66.3997
912,2060,5yr,2,66.88602
912,2065,5yr,2,67.35134
912,2070,5yr,2,67.81008
912,2075,5yr,2,68.2669
912,2080,5yr,2,68.72774
912,2085,5yr,2,69.21945
912,2090,5yr,2,69.6947
912,2095,5yr,2,70.17598
922,1950,5yr,2,49.09264
922,1955,5yr,2,50.73459
922,1960,5yr,2,52.32452
922,1965,5yr,2,53.95462
922,1970,5yr,2,55.51977
922,1975,5yr,2,56.93092
922,1980,5yr,2,58.30866
922,1985,5yr,2,59.4006
922,1990,5yr,2,60.35372
922,1995,5yr,2,61.08386
922,2000,5yr,2,61.72697
922,2005,5yr,2,62.66228
922,2010,5yr,2,63.48797
922,2015,5yr,2,64.17313
922,2020,5yr,2,64.76174
922,2025,5yr,2,65.33264
922,2030,5yr,2,65.87947
922,2035,5yr,2,66.34782
922,2040,5yr,2,66.78763
922,2045,5yr,2,67.20955
922,2050,5yr,2,67.62686
922,2055,5yr,2,68.04221
922,2060,5yr,2,68.4506
922,2065,5yr,2,68.84871
922,2070,5yr,2,69.24483
922,2075,5yr,2,69.67412
922,2080,5yr,2,70.10583
922,2085,5yr,2,70.56345
922,2090,5yr,2,71.02228
922,2095,5yr,2,71.44363
5500,1950,5yr,2,55.11392
5500,1955,5yr,2,56.17082
5500,1960,5yr,2,57.2808
5500,1965,5yr,2,58.38786
5500,1970,5yr,2,59.0965
5500,1975,5yr,2,59.50295
5500,1980,5yr,2,60.04013
5500,1985,5yr,2,60.4277
5500,1990,5yr,2,59.05113
5500,1995,5yr,2,58.26708
5500,2000,5yr,2,58.82866
5500,2005,5yr,2,59.57981
5500,2010,5yr,2,60.17458
5500,2015,5yr,2,61.6041
5500,2020,5yr,2,62.03208
5500,2025,5yr,2,62.47173
5500,2030,5yr,2,62.91816
5500,2035,5yr,2,63.37145
5500,2040,5yr,2,63.83388
5500,2045,5yr,2,64.31084
5500,2050,5yr,2,64.7956
5500,2055,5yr,2,65.2929
5500,2060,5yr,2,65.78863
5500,2065,5yr,2,66.30462
5500,2070,5yr,2,66.80815
5500,2075,5yr,2,67.33774
5500,2080,5yr,2,67.87267
5500,2085,5yr,2,68.41178
5500,2090,5yr,2,68.94636
5500,2095,5yr,2,69.48797
5501,1950,5yr,2,39.79501
5501,1955,5yr,2,41.79839
5501,1960,5yr,2,44.05015
5501,1965,5yr,2,46.62147
5501,1970,5yr,2,49.09417
5501,1975,5yr,2,51.12688
5501,1980,5yr,2,52.2079
5501,1985,5yr,2,52.94623
5501,1990,5yr,2,54.45326
5501,1995,5yr,2,55.85584
5501,2000,5yr,2,56.7135
5501,2005,5yr,2,57.51163
5501,2010,5yr,2,58.68167
5501,2015,5yr,2,59.40267
5501,2020,5yr,2,60.09897
5501,2025,5yr,2,60.765
5501,2030,5yr,2,61.40616
5501,2035,5yr,2,62.03185
5501,2040,5yr,2,62.64777
5501,2045,5yr,2,63.25592
5501,2050,5yr,2,63.83988
5501,2055,5yr,2,64.40138
5501,2060,5yr,2,64.9516
5501,2065,5yr,2,65.49747
5501,2070,5yr,2,66.02477
5501,2075,5yr,2,66.54767
5501,2080,5yr,2,67.07042
5501,2085,5yr,2,67.59587
5501,2090,5yr,2,68.12309
5501,2095,5yr,2,68.63458
906,1950,5yr,2,45.74268
906,1955,5yr,2,46.7039
906,1960,5yr,2,47.45043
906,1965,5yr,2,53.29981
906,1970,5yr,2,56.65563
906,1975,5yr,2,58.52598
906,1980,5yr,2,59.76939
906,1985,5yr,2,60.78677
906,1990,5yr,2,61.58672
906,1995,5yr,2,62.35346
906,2000,5yr,2,63.06226
906,2005,5yr,2,63.89681
906,2010,5yr,2,65.0728
906,2015,5yr,2,66.24872
906,2020,5yr,2,66.78697
906,2025,5yr,2,67.32542
906,2030,5yr,2,67.84262
906,2035,5yr,2,68.36888
906,2040,5yr,2,68.89537
906,2045,5yr,2,69.43568
906,2050,5yr,2,69.98427
906,2055,5yr,2,70.5355
906,2060,5yr,2,71.07188
906,2065,5yr,2,71.61014
906,2070,5yr,2,72.13147
906,2075,5yr,2,72.66199
906,2080,5yr,2,73.19121
906,2085,5yr,2,73.73234
906,2090,5yr,2,74.26006
906,2095,5yr,2,74.77055
920,1950,5yr,2,48.56365
920,1955,5yr,2,49.98244
920,1960,5yr,2,51.34149
920,1965,5yr,2,52.36695
920,1970,5yr,2,52.55484
920,1975,5yr,2,53.60335
920,1980,5yr,2,55.74576
920,1985,5yr,2,56.86917
920,1990,5yr,2,57.73858
920,1995,5yr,2,58.36499
920,2000,5yr,2,59.01503
920,2005,5yr,2,60.32103
920,2010,5yr,2,61.60943
920,2015,5yr,2,62.54304
920,2020,5yr,2,63.10485
920,2025,5yr,2,63.68788
920,2030,5yr,2,64.26719
920,2035,5yr,2,64.84841
920,2040,5yr,2,65.40606
920,2045,5yr,2,65.93012
920,2050,5yr,2,66.44286
920,2055,5yr,2,66.95703
920,2060,5yr,2,67.46612
920,2065,5yr,2,67.97449
920,2070,5yr,2,68.48913
920,2075,5yr,2,68.99194
920,2080,5yr,2,69.49003
920,2085,5yr,2,70.00267
920,2090,5yr,2,70.51128
920,2095,5yr,2,71.02143
915,1950,5yr,2,51.28119
915,1955,5yr,2,53.1149
915,1960,5yr,2,54.48029
915,1965,5yr,2,55.8365
915,1970,5yr,2,56.9808
915,1975,5yr,2,58.06742
915,1980,5yr,2,58.88043
915,1985,5yr,2,59.52582
915,1990,5yr,2,59.99676
915,1995,5yr,2,60.86101
915,2000,5yr,2,61.40188
915,2005,5yr,2,62.35079
915,2010,5yr,2,63.008
915,2015,5yr,2,63.67891
915,2020,5yr,2,64.15341
915,2025,5yr,2,64.72071
915,2030,5yr,2,65.30484
915,2035,5yr,2,65.77551
915,2040,5yr,2,66.19778
915,2045,5yr,2,66.58393
915,2050,5yr,2,66.93633
915,2055,5yr,2,67.28937
915,2060,5yr,2,67.65124
915,2065,5yr,2,68.05277
915,2070,5yr,2,68.46782
915,2075,5yr,2,68.91409
915,2080,5yr,2,69.34901
915,2085,5yr,2,69.77966
915,2090,5yr,2,70.2471
915,2095,5yr,2,70.67819
916,1950,5yr,2,49.78821
916,1955,5yr,2,52.21092
916,1960,5yr,2,54.02277
916,1965,5yr,2,55.18582
916,1970,5yr,2,56.58541
916,1975,5yr,2,58.12755
916,1980,5yr,2,59.53938
916,1985,5yr,2,60.87381
916,1990,5yr,2,61.98546
916,1995,5yr,2,62.72936
916,2000,5yr,2,63.97485
916,2005,5yr,2,64.20863
916,2010,5yr,2,64.27697
916,2015,5yr,2,64.28824
916,2020,5yr,2,64.64736
916,2025,5yr,2,65.28248
916,2030,5yr,2,66.19286
916,2035,5yr,2,66.80073
916,2040,5yr,2,67.40529
916,2045,5yr,2,67.98902
916,2050,5yr,2,68.55258
916,2055,5yr,2,69.12738
916,2060,5yr,2,69.6852
916,2065,5yr,2,70.22947
916,2070,5yr,2,70.75927
916,2075,5yr,2,71.29467
916,2080,5yr,2,71.80811
916,2085,5yr,2,72.3268
916,2090,5yr,2,72.84139
916,2095,5yr,2,73.35508
931,1950,5yr,2,51.10848
931,1955,5yr,2,52.56837
931,1960,5yr,2,54.03299
931,1965,5yr,2,55.21059
931,1970,5yr,2,56.43665
931,1975,5yr,2,57.50375
931,1980,5yr,2,58.61792
931,1985,5yr,2,59.55585
931,1990,5yr,2,60.58283
931,1995,5yr,2,61.78994
931,2000,5yr,2,62.8604
931,2005,5yr,2,63.78215
931,2010,5yr,2,64.67866
931,2015,5yr,2,65.50717
931,2020,5yr,2,66.13211
931,2025,5yr,2,66.79024
931,2030,5yr,2,67.43261
931,2035,5yr,2,68.05669
931,2040,5yr,2,68.65315
931,2045,5yr,2,69.23515
931,2050,5yr,2,69.80651
931,2055,5yr,2,70.35931
931,2060,5yr,2,70.89843
931,2065,5yr,2,71.44181
931,2070,5yr,2,71.95996
931,2075,5yr,2,72.47733
931,2080,5yr,2,73.00229
931,2085,5yr,2,73.51565
931,2090,5yr,2,74.0333
931,2095,5yr,2,74.54459
928,1950,5yr,2,36.29633
928,1955,5yr,2,38.35153
928,1960,5yr,2,40.24101
928,1965,5yr,2,42.4799
928,1970,5yr,2,44.74615
928,1975,5yr,2,46.84839
928,1980,5yr,2,48.97671
928,1985,5yr,2,49.9762
928,1990,5yr,2,51.00517
928,1995,5yr,2,51.96971
928,2000,5yr,2,52.69058
928,2005,5yr,2,53.79494
928,2010,5yr,2,54.62073
928,2015,5yr,2,55.37297
928,2020,5yr,2,56.01222
928,2025,5yr,2,56.61521
928,2030,5yr,2,57.17475
928,2035,5yr,2,57.72265
928,2040,5yr,2,58.25171
928,2045,5yr,2,58.77766
928,2050,5yr,2,59.29254
928,2055,5yr,2,59.8279
928,2060,5yr,2,60.35018
928,2065,5yr,2,60.88022
928,2070,5yr,2,61.42992
928,2075,5yr,2,61.98811
928,2080,5yr,2,62.54506
928,2085,5yr,2,63.1175
928,2090,5yr,2,63.68039
928,2095,5yr,2,64.23911
954,1950,5yr,2,48.69097
954,1955,5yr,2,49.66814
954,1960,5yr,2,50.72334
954,1965,5yr,2,51.7228
954,1970,5yr,2,52.79324
954,1975,5yr,2,54.22167
954,1980,5yr,2,55.50725
954,1985,5yr,2,56.58872
954,1990,5yr,2,57.55642
954,1995,5yr,2,58.63963
954,2000,5yr,2,59.96853
954,2005,5yr,2,61.1543
954,2010,5yr,2,62.49673
954,2015,5yr,2,63.77985
954,2020,5yr,2,64.41035
954,2025,5yr,2,64.94199
954,2030,5yr,2,65.43874
954,2035,5yr,2,65.91433
954,2040,5yr,2,66.38725
954,2045,5yr,2,66.86971
954,2050,5yr,2,67.33601
954,2055,5yr,2,67.78528
954,2060,5yr,2,68.20577
954,2065,5yr,2,68.64037
954,2070,5yr,2,69.11794
954,2075,5yr,2,69.64085
954,2080,5yr,2,70.15502
954,2085,5yr,2,70.65298
954,2090,5yr,2,71.11847
954,2095,5yr,2,71.57635
957,1950,5yr,2,49.04419
957,1955,5yr,2,51.31528
957,1960,5yr,2,52.30065
957,1965,5yr,2,53.30726
957,1970,5yr,2,54.2711
957,1975,5yr,2,55.19968
957,1980,5yr,2,56.65008
957,1985,5yr,2,57.43717
957,1990,5yr,2,57.93774
957,1995,5yr,2,58.85154
957,2000,5yr,2,60.09242
957,2005,5yr,2,61.32044
957,2010,5yr,2,62.18412
957,2015,5yr,2,63.0879
957,2020,5yr,2,63.79955
957,2025,5yr,2,64.48914
957,2030,5yr,2,65.15146
957,2035,5yr,2,65.7794
957,2040,5yr,2,66.36831
957,2045,5yr,2,66.93745
957,2050,5yr,2,67.49337
957,2055,5yr,2,68.0195
957,2060,5yr,2,68.53145
957,2065,5yr,2,69.03547
957,2070,5yr,2,69.48105
957,2075,5yr,2,69.92033
957,2080,5yr,2,70.36837
957,2085,5yr,2,70.80797
957,2090,5yr,2,71.28205
957,2095,5yr,2,71.74775
923,1950,5yr,2,56.9667
923,1955,5yr,2,58.75063
923,1960,5yr,2,59.86579
923,1965,5yr,2,60.32105
923,1970,5yr,2,60.5041
923,1975,5yr,2,60.55378
923,1980,5yr,2,60.45427
923,1985,5yr,2,60.99088
923,1990,5yr,2,60.3136
923,1995,5yr,2,60.00231
923,2000,5yr,2,60.03886
923,2005,5yr,2,61.07198
923,2010,5yr,2,62.84556
923,2015,5yr,2,63.96617
923,2020,5yr,2,64.50922
923,2025,5yr,2,65.06974
923,2030,5yr,2,65.62027
923,2035,5yr,2,66.15332
923,2040,5yr,2,66.70604
923,2045,5yr,2,67.24559
923,2050,5yr,2,67.77515
923,2055,5yr,2,68.30484
923,2060,5yr,2,68.83164
923,2065,5yr,2,69.35867
923,2070,5yr,2,69.88017
923,2075,5yr,2,70.40093
923,2080,5yr,2,70.89744
923,2085,5yr,2,71.39748
923,2090,5yr,2,71.89035
923,2095,5yr,2,72.40171
924,1950,5yr,2,59.27768
924,1955,5yr,2,60.40684
924,1960,5yr,2,60.93099
924,1965,5yr,2,61.51975
924,1970,5yr,2,62.00182
924,1975,5yr,2,62.52674
924,1980,5yr,2,63.27731
924,1985,5yr,2,63.85054
924,1990,5yr,2,64.41745
924,1995,5yr,2,65.10501
924,2000,5yr,2,66.04747
924,2005,5yr,2,67.05158
924,2010,5yr,2,68.013
924,2015,5yr,2,68.42892
924,2020,5yr,2,68.88609
924,2025,5yr,2,69.47345
924,2030,5yr,2,70.15427
924,2035,5yr,2,70.72297
924,2040,5yr,2,71.26002
924,2045,5yr,2,71.80506
924,2050,5yr,2,72.36533
924,2055,5yr,2,72.90879
924,2060,5yr,2,73.43612
924,2065,5yr,2,73.98528
924,2070,5yr,2,74.52457
924,2075,5yr,2,75.05046
924,2080,5yr,2,75.59748
924,2085,5yr,2,76.12048
924,2090,5yr,2,76.64638
924,2095,5yr,2,77.16638
925,1950,5yr,2,57.71082
925,1955,5yr,2,59.09543
925,1960,5yr,2,60.25332
925,1965,5yr,2,61.02058
925,1970,5yr,2,61.85455
925,1975,5yr,2,62.85166
925,1980,5yr,2,63.87025
925,1985,5yr,2,64.8528
925,1990,5yr,2,65.62881
925,1995,5yr,2,66.49538
925,2000,5yr,2,67.37387
925,2005,5yr,2,68.32024
925,2010,5yr,2,69.1472
925,2015,5yr,2,69.8463
925,2020,5yr,2,70.43873
925,2025,5yr,2,71.0322
925,2030,5yr,2,71.61922
925,2035,5yr,2,72.21258
925,2040,5yr,2,72.81562
925,2045,5yr,2,73.40615
925,2050,5yr,2,73.96654
925,2055,5yr,2,74.51374
925,2060,5yr,2,75.04238
925,2065,5yr,2,75.56528
925,2070,5yr,2,76.08842
925,2075,5yr,2,76.63619
925,2080,5yr,2,77.21467
925,2085,5yr,2,77.80897
925,2090,5yr,2,78.38545
925,2095,5yr,2,78.94761
926,1950,5yr,2,58.66064
926,1955,5yr,2,59.91934
926,1960,5yr,2,60.6748
926,1965,5yr,2,61.06236
926,1970,5yr,2,61.65427
926,1975,5yr,2,62.62406
926,1980,5yr,2,63.58686
926,1985,5yr,2,64.6891
926,1990,5yr,2,65.62556
926,1995,5yr,2,66.5278
926,2000,5yr,2,67.4573
926,2005,5yr,2,68.41786
926,2010,5yr,2,69.05025
926,2015,5yr,2,69.52912
926,2020,5yr,2,70.02479
926,2025,5yr,2,70.61706
926,2030,5yr,2,71.24597
926,2035,5yr,2,71.81233
926,2040,5yr,2,72.35786
926,2045,5yr,2,72.91564
926,2050,5yr,2,73.49209
926,2055,5yr,2,74.04843
926,2060,5yr,2,74.59979
926,2065,5yr,2,75.15348
926,2070,5yr,2,75.70416
926,2075,5yr,2,76.24339
926,2080,5yr,2,76.81624
926,2085,5yr,2,77.37246
926,2090,5yr,2,77.91962
926,2095,5yr,2,78.47866
