country,time,age5yearinterval,population
208,1950,0_4,422.807
208,1950,5_9,385.906
208,1950,10_14,313.634
208,1950,15_19,291.884
208,1950,20_24,296.515
208,1950,25_29,319.785
208,1950,30_34,309.48
208,1950,35_39,316.514
208,1950,40_44,306.107
208,1950,45_49,276.86
208,1950,50_54,249.189
208,1950,55_59,212.448
208,1950,60_64,181.825
208,1950,65_69,150
208,1950,70_74,113.038
208,1950,75_79,70.112
208,1950,80_84,35.618
208,1950,85_89,13.005
208,1950,90_94,3.154
208,1950,95_99,0.379
208,1950,100plus,0.021
208,1951,0_4,413.472
208,1951,5_9,398.959
208,1951,10_14,325.511
208,1951,15_19,292.863
208,1951,20_24,292.72
208,1951,25_29,317.049
208,1951,30_34,310.266
208,1951,35_39,315.108
208,1951,40_44,309.386
208,1951,45_49,281.786
208,1951,50_54,253.825
208,1951,55_59,217.27
208,1951,60_64,184.61
208,1951,65_69,152.329
208,1951,70_74,115.428
208,1951,75_79,72.793
208,1951,80_84,37.242
208,1951,85_89,14.16
208,1951,90_94,3.655
208,1951,95_99,0.463
208,1951,100plus,0.022
208,1952,0_4,399.522
208,1952,5_9,409.477
208,1952,10_14,340.262
208,1952,15_19,294.661
208,1952,20_24,290.264
208,1952,25_29,311.992
208,1952,30_34,312.974
208,1952,35_39,312.482
208,1952,40_44,311.947
208,1952,45_49,287.343
208,1952,50_54,257.963
208,1952,55_59,222.953
208,1952,60_64,187.687
208,1952,65_69,154.974
208,1952,70_74,117.854
208,1952,75_79,75.603
208,1952,80_84,38.657
208,1952,85_89,14.968
208,1952,90_94,3.965
208,1952,95_99,0.615
208,1952,100plus,0.024
208,1953,0_4,388.269
208,1953,5_9,416.243
208,1953,10_14,356.216
208,1953,15_19,297.645
208,1953,20_24,288.566
208,1953,25_29,305.019
208,1953,30_34,315.952
208,1953,35_39,308.933
208,1953,40_44,313.145
208,1953,45_49,292.701
208,1953,50_54,261.475
208,1953,55_59,228.785
208,1953,60_64,190.891
208,1953,65_69,157.671
208,1953,70_74,120.322
208,1953,75_79,78.33
208,1953,80_84,39.951
208,1953,85_89,15.341
208,1953,90_94,4.105
208,1953,95_99,0.72
208,1953,100plus,0.025
208,1954,0_4,380.809
208,1954,5_9,419.269
208,1954,10_14,371.388
208,1954,15_19,302.963
208,1954,20_24,287.315
208,1954,25_29,297.767
208,1954,30_34,317.198
208,1954,35_39,305.773
208,1954,40_44,312.873
208,1954,45_49,297.191
208,1954,50_54,264.908
208,1954,55_59,234.189
208,1954,60_64,194.458
208,1954,65_69,160.426
208,1954,70_74,122.941
208,1954,75_79,80.867
208,1954,80_84,41.245
208,1954,85_89,15.398
208,1954,90_94,3.968
208,1954,95_99,0.691
208,1954,100plus,0.025
208,1955,0_4,375.061
208,1955,5_9,419.343
208,1955,10_14,384.393
208,1955,15_19,311.328
208,1955,20_24,286.672
208,1955,25_29,291.584
208,1955,30_34,315.678
208,1955,35_39,304.047
208,1955,40_44,311.374
208,1955,45_49,300.545
208,1955,50_54,268.812
208,1955,55_59,238.963
208,1955,60_64,198.652
208,1955,65_69,163.377
208,1955,70_74,125.782
208,1955,75_79,83.322
208,1955,80_84,42.63
208,1955,85_89,15.259
208,1955,90_94,3.48
208,1955,95_99,0.45
208,1955,100plus,0.027
208,1956,0_4,361.725
208,1956,5_9,417.389
208,1956,10_14,396.232
208,1956,15_19,322.409
208,1956,20_24,287.172
208,1956,25_29,287.395
208,1956,30_34,312.788
208,1956,35_39,305.12
208,1956,40_44,309.739
208,1956,45_49,303.483
208,1956,50_54,273.611
208,1956,55_59,243.052
208,1956,60_64,203.176
208,1956,65_69,165.696
208,1956,70_74,127.695
208,1956,75_79,85.449
208,1956,80_84,44.802
208,1956,85_89,16.767
208,1956,90_94,4.091
208,1956,95_99,0.53
208,1956,100plus,0.029
208,1957,0_4,358.119
208,1957,5_9,409.701
208,1957,10_14,405.604
208,1957,15_19,336.031
208,1957,20_24,287.838
208,1957,25_29,283.848
208,1957,30_34,306.942
208,1957,35_39,307.59
208,1957,40_44,306.489
208,1957,45_49,305.196
208,1957,50_54,278.599
208,1957,55_59,246.33
208,1957,60_64,208.135
208,1957,65_69,168.147
208,1957,70_74,129.572
208,1957,75_79,87.378
208,1957,80_84,46.635
208,1957,85_89,17.844
208,1957,90_94,4.502
208,1957,95_99,0.686
208,1957,100plus,0.029
208,1958,0_4,359.871
208,1958,5_9,397.275
208,1958,10_14,412.706
208,1958,15_19,351.438
208,1958,20_24,289.85
208,1958,25_29,281.2
208,1958,30_34,299.553
208,1958,35_39,310.57
208,1958,40_44,302.868
208,1958,45_49,306.026
208,1958,50_54,283.67
208,1958,55_59,249.503
208,1958,60_64,213.391
208,1958,65_69,171.12
208,1958,70_74,131.695
208,1958,75_79,89.374
208,1958,80_84,48.203
208,1958,85_89,18.453
208,1958,90_94,4.745
208,1958,95_99,0.795
208,1958,100plus,0.031
208,1959,0_4,363.534
208,1959,5_9,382.974
208,1959,10_14,416.839
208,1959,15_19,366.919
208,1959,20_24,294.684
208,1959,25_29,279.417
208,1959,30_34,292.46
208,1959,35_39,312.278
208,1959,40_44,300.405
208,1959,45_49,306.174
208,1959,50_54,288.407
208,1959,55_59,253.323
208,1959,60_64,218.637
208,1959,65_69,174.945
208,1959,70_74,134.296
208,1959,75_79,91.565
208,1959,80_84,49.578
208,1959,85_89,18.771
208,1959,90_94,4.678
208,1959,95_99,0.766
208,1959,100plus,0.033
208,1960,0_4,367.22
208,1960,5_9,370.913
208,1960,10_14,416.662
208,1960,15_19,380.989
208,1960,20_24,303.103
208,1960,25_29,278.515
208,1960,30_34,286.669
208,1960,35_39,311.534
208,1960,40_44,299.857
208,1960,45_49,305.685
208,1960,50_54,292.453
208,1960,55_59,258.076
208,1960,60_64,223.703
208,1960,65_69,179.678
208,1960,70_74,137.477
208,1960,75_79,94.005
208,1960,80_84,50.893
208,1960,85_89,18.878
208,1960,90_94,4.235
208,1960,95_99,0.52
208,1960,100plus,0.034
208,1961,0_4,377.315
208,1961,5_9,363.153
208,1961,10_14,411.461
208,1961,15_19,392.402
208,1961,20_24,315.22
208,1961,25_29,279.71
208,1961,30_34,282.342
208,1961,35_39,308.473
208,1961,40_44,300.444
208,1961,45_49,303.526
208,1961,50_54,294.597
208,1961,55_59,262.001
208,1961,60_64,226.77
208,1961,65_69,182.961
208,1961,70_74,139.121
208,1961,75_79,95.456
208,1961,80_84,52.773
208,1961,85_89,20.619
208,1961,90_94,5.026
208,1961,95_99,0.622
208,1961,100plus,0.035
208,1962,0_4,383.833
208,1962,5_9,359.731
208,1962,10_14,402.496
208,1962,15_19,402.603
208,1962,20_24,330.293
208,1962,25_29,281.953
208,1962,30_34,279.654
208,1962,35_39,303.438
208,1962,40_44,303.377
208,1962,45_49,300.653
208,1962,50_54,296.506
208,1962,55_59,266.84
208,1962,60_64,229.941
208,1962,65_69,187.126
208,1962,70_74,141.266
208,1962,75_79,96.947
208,1962,80_84,54.375
208,1962,85_89,21.883
208,1962,90_94,5.573
208,1962,95_99,0.817
208,1962,100plus,0.036
208,1963,0_4,387.473
208,1963,5_9,360.742
208,1963,10_14,391.002
208,1963,15_19,410.657
208,1963,20_24,346.825
208,1963,25_29,285.787
208,1963,30_34,278.433
208,1963,35_39,297.193
208,1963,40_44,307.279
208,1963,45_49,297.712
208,1963,50_54,297.983
208,1963,55_59,272.05
208,1963,60_64,233.425
208,1963,65_69,191.822
208,1963,70_74,144.024
208,1963,75_79,98.648
208,1963,80_84,55.759
208,1963,85_89,22.561
208,1963,90_94,5.896
208,1963,95_99,0.961
208,1963,100plus,0.037
208,1964,0_4,389.98
208,1964,5_9,364.519
208,1964,10_14,379.83
208,1964,15_19,415.125
208,1964,20_24,362.654
208,1964,25_29,292.103
208,1964,30_34,278.221
208,1964,35_39,291.12
208,1964,40_44,309.901
208,1964,45_49,295.807
208,1964,50_54,298.711
208,1964,55_59,276.871
208,1964,60_64,237.492
208,1964,65_69,196.604
208,1964,70_74,147.467
208,1964,75_79,100.656
208,1964,80_84,56.939
208,1964,85_89,22.815
208,1964,90_94,5.828
208,1964,95_99,0.941
208,1964,100plus,0.039
208,1965,0_4,392.608
208,1965,5_9,368.228
208,1965,10_14,371.715
208,1965,15_19,415.212
208,1965,20_24,376.444
208,1965,25_29,301.351
208,1965,30_34,278.77
208,1965,35_39,286.232
208,1965,40_44,309.895
208,1965,45_49,295.633
208,1965,50_54,298.564
208,1965,55_59,280.905
208,1965,60_64,242.245
208,1965,65_69,201.284
208,1965,70_74,151.586
208,1965,75_79,103.062
208,1965,80_84,58.002
208,1965,85_89,22.74
208,1965,90_94,5.293
208,1965,95_99,0.651
208,1965,100plus,0.041
208,1966,0_4,396.783
208,1966,5_9,371.379
208,1966,10_14,366.626
208,1966,15_19,411.211
208,1966,20_24,389.149
208,1966,25_29,313.7
208,1966,30_34,280.174
208,1966,35_39,282.3
208,1966,40_44,307.066
208,1966,45_49,296.544
208,1966,50_54,296.604
208,1966,55_59,283.208
208,1966,60_64,246.007
208,1966,65_69,204.101
208,1966,70_74,154.606
208,1966,75_79,105.233
208,1966,80_84,59.932
208,1966,85_89,24.715
208,1966,90_94,6.306
208,1966,95_99,0.793
208,1966,100plus,0.044
208,1967,0_4,397.062
208,1967,5_9,376.043
208,1967,10_14,364.493
208,1967,15_19,402.608
208,1967,20_24,400.617
208,1967,25_29,328.838
208,1967,30_34,282.507
208,1967,35_39,279.878
208,1967,40_44,302.094
208,1967,45_49,299.63
208,1967,50_54,293.748
208,1967,55_59,285.206
208,1967,60_64,250.544
208,1967,65_69,207.02
208,1967,70_74,158.103
208,1967,75_79,107.454
208,1967,80_84,61.625
208,1967,85_89,26.164
208,1967,90_94,7.02
208,1967,95_99,1.049
208,1967,100plus,0.047
208,1968,0_4,394.793
208,1968,5_9,381.817
208,1968,10_14,364.626
208,1968,15_19,391.379
208,1968,20_24,409.767
208,1968,25_29,345.366
208,1968,30_34,286.381
208,1968,35_39,278.769
208,1968,40_44,295.838
208,1968,45_49,303.5
208,1968,50_54,290.731
208,1968,55_59,286.661
208,1968,60_64,255.408
208,1968,65_69,210.253
208,1968,70_74,161.925
208,1968,75_79,109.859
208,1968,80_84,63.266
208,1968,85_89,26.959
208,1968,90_94,7.475
208,1968,95_99,1.246
208,1968,100plus,0.05
208,1969,0_4,391.327
208,1969,5_9,387.718
208,1969,10_14,366.066
208,1969,15_19,380.773
208,1969,20_24,415.098
208,1969,25_29,361.347
208,1969,30_34,292.78
208,1969,35_39,278.603
208,1969,40_44,289.825
208,1969,45_49,306.02
208,1969,50_54,288.789
208,1969,55_59,287.337
208,1969,60_64,260.002
208,1969,65_69,214.107
208,1969,70_74,165.875
208,1969,75_79,112.593
208,1969,80_84,64.921
208,1969,85_89,27.319
208,1969,90_94,7.496
208,1969,95_99,1.239
208,1969,100plus,0.054
208,1970,0_4,387.712
208,1970,5_9,392.389
208,1970,10_14,368.434
208,1970,15_19,372.93
208,1970,20_24,415.776
208,1970,25_29,375.528
208,1970,30_34,302.147
208,1970,35_39,279.223
208,1970,40_44,285.074
208,1970,45_49,305.935
208,1970,50_54,288.625
208,1970,55_59,287.149
208,1970,60_64,263.973
208,1970,65_69,218.683
208,1970,70_74,169.89
208,1970,75_79,115.748
208,1970,80_84,66.614
208,1970,85_89,27.408
208,1970,90_94,7.02
208,1970,95_99,0.922
208,1970,100plus,0.059
208,1971,0_4,381.38
208,1971,5_9,395.796
208,1971,10_14,372.734
208,1971,15_19,368.273
208,1971,20_24,412.32
208,1971,25_29,388.744
208,1971,30_34,314.275
208,1971,35_39,280.575
208,1971,40_44,281.22
208,1971,45_49,303.255
208,1971,50_54,289.653
208,1971,55_59,285.313
208,1971,60_64,266.159
208,1971,65_69,222.402
208,1971,70_74,172.76
208,1971,75_79,118.765
208,1971,80_84,68.999
208,1971,85_89,29.697
208,1971,90_94,8.237
208,1971,95_99,1.137
208,1971,100plus,0.065
208,1972,0_4,376.721
208,1972,5_9,396.816
208,1972,10_14,378.137
208,1972,15_19,366.058
208,1972,20_24,403.943
208,1972,25_29,400.459
208,1972,30_34,328.972
208,1972,35_39,282.634
208,1972,40_44,278.572
208,1972,45_49,298.192
208,1972,50_54,292.573
208,1972,55_59,282.4
208,1972,60_64,267.905
208,1972,65_69,226.584
208,1972,70_74,175.559
208,1972,75_79,121.849
208,1972,80_84,71.049
208,1972,85_89,31.492
208,1972,90_94,9.076
208,1972,95_99,1.488
208,1972,100plus,0.072
208,1973,0_4,372.873
208,1973,5_9,395.381
208,1973,10_14,384.111
208,1973,15_19,366
208,1973,20_24,392.911
208,1973,25_29,409.617
208,1973,30_34,345.082
208,1973,35_39,286.135
208,1973,40_44,277.099
208,1973,45_49,291.758
208,1973,50_54,296.15
208,1973,55_59,279.275
208,1973,60_64,269.147
208,1973,65_69,230.955
208,1973,70_74,178.595
208,1973,75_79,124.986
208,1973,80_84,73.014
208,1973,85_89,32.686
208,1973,90_94,9.63
208,1973,95_99,1.762
208,1973,100plus,0.08
208,1974,0_4,368.212
208,1974,5_9,392.245
208,1974,10_14,389.531
208,1974,15_19,367.441
208,1974,20_24,382.628
208,1974,25_29,414.895
208,1974,30_34,360.884
208,1974,35_39,292.195
208,1974,40_44,276.593
208,1974,45_49,285.593
208,1974,50_54,298.428
208,1974,55_59,277.285
208,1974,60_64,269.77
208,1974,65_69,235.135
208,1974,70_74,182.206
208,1974,75_79,128.171
208,1974,80_84,75.076
208,1974,85_89,33.514
208,1974,90_94,9.744
208,1974,95_99,1.779
208,1974,100plus,0.088
208,1975,0_4,361.547
208,1975,5_9,388.703
208,1975,10_14,393.254
208,1975,15_19,369.919
208,1975,20_24,375.179
208,1975,25_29,415.656
208,1975,30_34,375.112
208,1975,35_39,301.34
208,1975,40_44,276.968
208,1975,45_49,280.738
208,1975,50_54,298.237
208,1975,55_59,277.154
208,1975,60_64,269.714
208,1975,65_69,238.894
208,1975,70_74,186.509
208,1975,75_79,131.476
208,1975,80_84,77.296
208,1975,85_89,34.087
208,1975,90_94,9.438
208,1975,95_99,1.413
208,1975,100plus,0.097
208,1976,0_4,354.266
208,1976,5_9,385.391
208,1976,10_14,395.795
208,1976,15_19,374.148
208,1976,20_24,369.866
208,1976,25_29,411.906
208,1976,30_34,387.772
208,1976,35_39,313.116
208,1976,40_44,278.112
208,1976,45_49,276.711
208,1976,50_54,295.239
208,1976,55_59,277.779
208,1976,60_64,267.617
208,1976,65_69,240.592
208,1976,70_74,189.736
208,1976,75_79,134.131
208,1976,80_84,79.966
208,1976,85_89,36.407
208,1976,90_94,10.924
208,1976,95_99,1.682
208,1976,100plus,0.106
208,1977,0_4,345.51
208,1977,5_9,381.299
208,1977,10_14,396.444
208,1977,15_19,379.987
208,1977,20_24,367.296
208,1977,25_29,403.444
208,1977,30_34,399.087
208,1977,35_39,327.565
208,1977,40_44,280.132
208,1977,45_49,274.042
208,1977,50_54,290.175
208,1977,55_59,280.446
208,1977,60_64,264.665
208,1977,65_69,242.152
208,1977,70_74,193.358
208,1977,75_79,136.682
208,1977,80_84,82.421
208,1977,85_89,38.186
208,1977,90_94,11.921
208,1977,95_99,2.119
208,1977,100plus,0.118
208,1978,0_4,335.49
208,1978,5_9,376.443
208,1978,10_14,395.388
208,1978,15_19,386.415
208,1978,20_24,367.253
208,1978,25_29,392.316
208,1978,30_34,407.959
208,1978,35_39,343.464
208,1978,40_44,283.665
208,1978,45_49,272.614
208,1978,50_54,283.95
208,1978,55_59,283.86
208,1978,60_64,261.612
208,1978,65_69,243.463
208,1978,70_74,197.149
208,1978,75_79,139.347
208,1978,80_84,84.759
208,1978,85_89,39.409
208,1978,90_94,12.554
208,1978,95_99,2.455
208,1978,100plus,0.128
208,1979,0_4,324.71
208,1979,5_9,370.698
208,1979,10_14,393.184
208,1979,15_19,391.971
208,1979,20_24,368.97
208,1979,25_29,381.763
208,1979,30_34,412.921
208,1979,35_39,358.962
208,1979,40_44,289.682
208,1979,45_49,272.112
208,1979,50_54,278.014
208,1979,55_59,286.016
208,1979,60_64,259.667
208,1979,65_69,244.253
208,1979,70_74,200.788
208,1979,75_79,142.355
208,1979,80_84,87.005
208,1979,85_89,40.386
208,1979,90_94,12.648
208,1979,95_99,2.466
208,1979,100plus,0.14
208,1980,0_4,313.388
208,1980,5_9,363.892
208,1980,10_14,390.304
208,1980,15_19,395.722
208,1980,20_24,371.831
208,1980,25_29,373.976
208,1980,30_34,413.255
208,1980,35_39,372.747
208,1980,40_44,298.639
208,1980,45_49,272.446
208,1980,50_54,273.315
208,1980,55_59,285.764
208,1980,60_64,259.522
208,1980,65_69,244.371
208,1980,70_74,204.112
208,1980,75_79,145.825
208,1980,80_84,89.209
208,1980,85_89,41.204
208,1980,90_94,12.286
208,1980,95_99,1.983
208,1980,100plus,0.154
208,1981,0_4,300.872
208,1981,5_9,355.777
208,1981,10_14,387.043
208,1981,15_19,398.078
208,1981,20_24,375.965
208,1981,25_29,368.887
208,1981,30_34,409.428
208,1981,35_39,385.096
208,1981,40_44,310.157
208,1981,45_49,273.496
208,1981,50_54,269.295
208,1981,55_59,282.683
208,1981,60_64,259.942
208,1981,65_69,242.273
208,1981,70_74,205.738
208,1981,75_79,148.711
208,1981,80_84,91.619
208,1981,85_89,43.715
208,1981,90_94,14.023
208,1981,95_99,2.329
208,1981,100plus,0.169
208,1982,0_4,288.61
208,1982,5_9,346.321
208,1982,10_14,382.869
208,1982,15_19,398.466
208,1982,20_24,381.648
208,1982,25_29,366.472
208,1982,30_34,400.839
208,1982,35_39,396.095
208,1982,40_44,324.279
208,1982,45_49,275.398
208,1982,50_54,266.572
208,1982,55_59,277.682
208,1982,60_64,262.312
208,1982,65_69,239.299
208,1982,70_74,207.274
208,1982,75_79,151.74
208,1982,80_84,93.64
208,1982,85_89,45.622
208,1982,90_94,15.133
208,1982,95_99,2.894
208,1982,100plus,0.184
208,1983,0_4,277.435
208,1983,5_9,335.736
208,1983,10_14,377.766
208,1983,15_19,397.198
208,1983,20_24,388.033
208,1983,25_29,366.539
208,1983,30_34,389.628
208,1983,35_39,404.746
208,1983,40_44,339.864
208,1983,45_49,278.841
208,1983,50_54,265.094
208,1983,55_59,271.707
208,1983,60_64,265.447
208,1983,65_69,236.3
208,1983,70_74,208.651
208,1983,75_79,154.836
208,1983,80_84,95.566
208,1983,85_89,46.888
208,1983,90_94,15.809
208,1983,95_99,3.322
208,1983,100plus,0.201
208,1984,0_4,268.91
208,1984,5_9,324.533
208,1984,10_14,371.516
208,1984,15_19,394.916
208,1984,20_24,393.751
208,1984,25_29,368.374
208,1984,30_34,379.12
208,1984,35_39,409.669
208,1984,40_44,355.166
208,1984,45_49,284.816
208,1984,50_54,264.645
208,1984,55_59,266.173
208,1984,60_64,267.509
208,1984,65_69,234.529
208,1984,70_74,209.618
208,1984,75_79,157.854
208,1984,80_84,97.654
208,1984,85_89,47.841
208,1984,90_94,15.902
208,1984,95_99,3.341
208,1984,100plus,0.218
208,1985,0_4,264.208
208,1985,5_9,313.433
208,1985,10_14,363.887
208,1985,15_19,392.004
208,1985,20_24,397.831
208,1985,25_29,371.433
208,1985,30_34,371.508
208,1985,35_39,410.128
208,1985,40_44,368.926
208,1985,45_49,293.802
208,1985,50_54,265.151
208,1985,55_59,261.944
208,1985,60_64,267.458
208,1985,65_69,234.653
208,1985,70_74,210.017
208,1985,75_79,160.746
208,1985,80_84,100.031
208,1985,85_89,48.577
208,1985,90_94,15.532
208,1985,95_99,2.744
208,1985,100plus,0.237
208,1986,0_4,260.433
208,1986,5_9,303.227
208,1986,10_14,355.906
208,1986,15_19,389.027
208,1986,20_24,400.657
208,1986,25_29,376.379
208,1986,30_34,366.99
208,1986,35_39,406.442
208,1986,40_44,381.184
208,1986,45_49,305.206
208,1986,50_54,266.14
208,1986,55_59,258.076
208,1986,60_64,264.412
208,1986,65_69,235.077
208,1986,70_74,208.153
208,1986,75_79,162.521
208,1986,80_84,102.84
208,1986,85_89,51.039
208,1986,90_94,17.503
208,1986,95_99,3.175
208,1986,100plus,0.258
208,1987,0_4,263.487
208,1987,5_9,292.731
208,1987,10_14,346.805
208,1987,15_19,385.11
208,1987,20_24,401.33
208,1987,25_29,382.776
208,1987,30_34,365.113
208,1987,35_39,397.978
208,1987,40_44,392.065
208,1987,45_49,319.11
208,1987,50_54,267.97
208,1987,55_59,255.376
208,1987,60_64,259.634
208,1987,65_69,237.218
208,1987,70_74,205.43
208,1987,75_79,164.089
208,1987,80_84,105.422
208,1987,85_89,52.788
208,1987,90_94,18.71
208,1987,95_99,3.861
208,1987,100plus,0.279
208,1988,0_4,271.452
208,1988,5_9,282.519
208,1988,10_14,336.999
208,1988,15_19,380.229
208,1988,20_24,400.289
208,1988,25_29,389.809
208,1988,30_34,365.721
208,1988,35_39,386.99
208,1988,40_44,400.667
208,1988,45_49,334.44
208,1988,50_54,271.372
208,1988,55_59,253.843
208,1988,60_64,254.093
208,1988,65_69,239.998
208,1988,70_74,202.774
208,1988,75_79,165.419
208,1988,80_84,107.84
208,1988,85_89,53.925
208,1988,90_94,19.392
208,1988,95_99,4.37
208,1988,100plus,0.301
208,1989,0_4,281.399
208,1989,5_9,273.749
208,1989,10_14,326.78
208,1989,15_19,374.296
208,1989,20_24,398.398
208,1989,25_29,396.23
208,1989,30_34,368.249
208,1989,35_39,376.977
208,1989,40_44,405.777
208,1989,45_49,349.629
208,1989,50_54,277.426
208,1989,55_59,253.436
208,1989,60_64,249.165
208,1989,65_69,241.862
208,1989,70_74,201.441
208,1989,75_79,166.351
208,1989,80_84,110.083
208,1989,85_89,54.971
208,1989,90_94,19.44
208,1989,95_99,4.381
208,1989,100plus,0.322
208,1990,0_4,291.389
208,1990,5_9,267.914
208,1990,10_14,316.173
208,1990,15_19,367.251
208,1990,20_24,396.121
208,1990,25_29,401.134
208,1990,30_34,372.215
208,1990,35_39,370.143
208,1990,40_44,406.732
208,1990,45_49,363.545
208,1990,50_54,286.621
208,1990,55_59,254.183
208,1990,60_64,245.611
208,1990,65_69,242
208,1990,70_74,202.004
208,1990,75_79,166.831
208,1990,80_84,112.171
208,1990,85_89,56.058
208,1990,90_94,19.022
208,1990,95_99,3.656
208,1990,100plus,0.343
208,1991,0_4,306.898
208,1991,5_9,265.921
208,1991,10_14,305.376
208,1991,15_19,359.591
208,1991,20_24,393.343
208,1991,25_29,403.989
208,1991,30_34,377.49
208,1991,35_39,365.804
208,1991,40_44,402.894
208,1991,45_49,375.4
208,1991,50_54,297.753
208,1991,55_59,255.08
208,1991,60_64,241.815
208,1991,65_69,238.833
208,1991,70_74,202.013
208,1991,75_79,165.026
208,1991,80_84,113.598
208,1991,85_89,58.58
208,1991,90_94,21.037
208,1991,95_99,4.104
208,1991,100plus,0.361
208,1992,0_4,318.421
208,1992,5_9,268.729
208,1992,10_14,294.627
208,1992,15_19,351.285
208,1992,20_24,390.273
208,1992,25_29,405.352
208,1992,30_34,384.663
208,1992,35_39,364.695
208,1992,40_44,394.969
208,1992,45_49,386.498
208,1992,50_54,311.715
208,1992,55_59,257.286
208,1992,60_64,239.47
208,1992,65_69,234.68
208,1992,70_74,203.795
208,1992,75_79,162.668
208,1992,80_84,114.77
208,1992,85_89,60.42
208,1992,90_94,22.114
208,1992,95_99,4.844
208,1992,100plus,0.38
208,1993,0_4,326.751
208,1993,5_9,276.216
208,1993,10_14,284.547
208,1993,15_19,342.191
208,1993,20_24,386.537
208,1993,25_29,405.448
208,1993,30_34,392.591
208,1993,35_39,366.368
208,1993,40_44,384.883
208,1993,45_49,395.691
208,1993,50_54,327.257
208,1993,55_59,261.307
208,1993,60_64,238.411
208,1993,65_69,230.209
208,1993,70_74,206.29
208,1993,75_79,160.498
208,1993,80_84,115.68
208,1993,85_89,61.494
208,1993,90_94,22.601
208,1993,95_99,5.379
208,1993,100plus,0.396
208,1994,0_4,333.207
208,1994,5_9,286.668
208,1994,10_14,276.735
208,1994,15_19,332.244
208,1994,20_24,381.627
208,1994,25_29,404.753
208,1994,30_34,399.744
208,1994,35_39,369.887
208,1994,40_44,375.756
208,1994,45_49,401.404
208,1994,50_54,342.609
208,1994,55_59,267.906
208,1994,60_64,238.468
208,1994,65_69,226.365
208,1994,70_74,208.053
208,1994,75_79,159.482
208,1994,80_84,116.107
208,1994,85_89,62.194
208,1994,90_94,22.408
208,1994,95_99,5.302
208,1994,100plus,0.415
208,1995,0_4,338.737
208,1995,5_9,297.241
208,1995,10_14,272.92
208,1995,15_19,321.686
208,1995,20_24,375.29
208,1995,25_29,403.541
208,1995,30_34,405.227
208,1995,35_39,374.595
208,1995,40_44,369.682
208,1995,45_49,402.832
208,1995,50_54,356.593
208,1995,55_59,277.415
208,1995,60_64,239.672
208,1995,65_69,223.701
208,1995,70_74,208.386
208,1995,75_79,160.064
208,1995,80_84,116.016
208,1995,85_89,62.587
208,1995,90_94,21.787
208,1995,95_99,4.303
208,1995,100plus,0.434
208,1996,0_4,343.718
208,1996,5_9,307.177
208,1996,10_14,273.357
208,1996,15_19,311.705
208,1996,20_24,367.918
208,1996,25_29,401.057
208,1996,30_34,408.795
208,1996,35_39,380.25
208,1996,40_44,365.813
208,1996,45_49,399.428
208,1996,50_54,368.574
208,1996,55_59,288.645
208,1996,60_64,240.977
208,1996,65_69,220.557
208,1996,70_74,206.016
208,1996,75_79,161.076
208,1996,80_84,115.545
208,1996,85_89,64.805
208,1996,90_94,24.18
208,1996,95_99,4.809
208,1996,100plus,0.455
208,1997,0_4,344.896
208,1997,5_9,317.539
208,1997,10_14,277.683
208,1997,15_19,301.221
208,1997,20_24,360.068
208,1997,25_29,398.174
208,1997,30_34,410.671
208,1997,35_39,387.693
208,1997,40_44,365.056
208,1997,45_49,391.82
208,1997,50_54,379.775
208,1997,55_59,302.481
208,1997,60_64,243.591
208,1997,65_69,218.625
208,1997,70_74,202.776
208,1997,75_79,163.194
208,1997,80_84,114.46
208,1997,85_89,66.307
208,1997,90_94,25.527
208,1997,95_99,5.678
208,1997,100plus,0.478
208,1998,0_4,343.597
208,1998,5_9,327.71
208,1998,10_14,285.069
208,1998,15_19,291.232
208,1998,20_24,351.665
208,1998,25_29,394.621
208,1998,30_34,410.946
208,1998,35_39,395.83
208,1998,40_44,366.952
208,1998,45_49,381.927
208,1998,50_54,389.025
208,1998,55_59,317.705
208,1998,60_64,247.958
208,1998,65_69,217.841
208,1998,70_74,199.298
208,1998,75_79,165.52
208,1998,80_84,113.533
208,1998,85_89,66.933
208,1998,90_94,26.193
208,1998,95_99,6.322
208,1998,100plus,0.503
208,1999,0_4,341.219
208,1999,5_9,336.958
208,1999,10_14,293.997
208,1999,15_19,283.583
208,1999,20_24,342.521
208,1999,25_29,389.966
208,1999,30_34,410.109
208,1999,35_39,403.104
208,1999,40_44,370.556
208,1999,45_49,372.873
208,1999,50_54,394.693
208,1999,55_59,332.627
208,1999,60_64,254.745
208,1999,65_69,218.158
208,1999,70_74,196.36
208,1999,75_79,166.975
208,1999,80_84,113.472
208,1999,85_89,66.962
208,1999,90_94,26.077
208,1999,95_99,6.288
208,1999,100plus,0.528
208,2000,0_4,338.606
208,2000,5_9,344.54
208,2000,10_14,303.342
208,2000,15_19,279.599
208,2000,20_24,332.564
208,2000,25_29,383.985
208,2000,30_34,408.553
208,2000,35_39,408.505
208,2000,40_44,375.189
208,2000,45_49,366.73
208,2000,50_54,395.921
208,2000,55_59,346.109
208,2000,60_64,264.181
208,2000,65_69,219.644
208,2000,70_74,194.367
208,2000,75_79,167.169
208,2000,80_84,114.439
208,2000,85_89,66.515
208,2000,90_94,25.431
208,2000,95_99,5.25
208,2000,100plus,0.553
208,2001,0_4,331.226
208,2001,5_9,349.723
208,2001,10_14,313.39
208,2001,15_19,280.812
208,2001,20_24,321.851
208,2001,25_29,376.147
208,2001,30_34,404.563
208,2001,35_39,412.685
208,2001,40_44,381.132
208,2001,45_49,363.08
208,2001,50_54,392.734
208,2001,55_59,357.93
208,2001,60_64,275.375
208,2001,65_69,221.587
208,2001,70_74,192.345
208,2001,75_79,165.797
208,2001,80_84,115.869
208,2001,85_89,67.549
208,2001,90_94,27.804
208,2001,95_99,5.881
208,2001,100plus,0.579
208,2002,0_4,327.516
208,2002,5_9,351.189
208,2002,10_14,323.436
208,2002,15_19,285.371
208,2002,20_24,310.742
208,2002,25_29,367.494
208,2002,30_34,399.903
208,2002,35_39,413.388
208,2002,40_44,389.008
208,2002,45_49,361.875
208,2002,50_54,384.876
208,2002,55_59,368.611
208,2002,60_64,288.558
208,2002,65_69,224.515
208,2002,70_74,191.042
208,2002,75_79,163.632
208,2002,80_84,117.604
208,2002,85_89,67.597
208,2002,90_94,28.932
208,2002,95_99,6.903
208,2002,100plus,0.606
208,2003,0_4,326.354
208,2003,5_9,349.125
208,2003,10_14,333.273
208,2003,15_19,292.297
208,2003,20_24,300.835
208,2003,25_29,358.184
208,2003,30_34,395.148
208,2003,35_39,410.798
208,2003,40_44,398.121
208,2003,45_49,363.022
208,2003,50_54,374.663
208,2003,55_59,377.325
208,2003,60_64,302.834
208,2003,65_69,229.037
208,2003,70_74,190.667
208,2003,75_79,161.334
208,2003,80_84,119.334
208,2003,85_89,67.113
208,2003,90_94,29.239
208,2003,95_99,7.631
208,2003,100plus,0.634
208,2004,0_4,326.184
208,2004,5_9,345.08
208,2004,10_14,341.922
208,2004,15_19,300.377
208,2004,20_24,294.108
208,2004,25_29,348.549
208,2004,30_34,390.154
208,2004,35_39,406.476
208,2004,40_44,406.68
208,2004,45_49,366.259
208,2004,50_54,365.566
208,2004,55_59,382.823
208,2004,60_64,317.016
208,2004,65_69,235.975
208,2004,70_74,191.502
208,2004,75_79,159.634
208,2004,80_84,120.541
208,2004,85_89,66.946
208,2004,90_94,28.743
208,2004,95_99,7.555
208,2004,100plus,0.664
208,2005,0_4,325.845
208,2005,5_9,341.447
208,2005,10_14,348.08
208,2005,15_19,308.958
208,2005,20_24,291.432
208,2005,25_29,339.024
208,2005,30_34,384.471
208,2005,35_39,402.073
208,2005,40_44,412.88
208,2005,45_49,371.502
208,2005,50_54,359.736
208,2005,55_59,384.415
208,2005,60_64,330.302
208,2005,65_69,245.648
208,2005,70_74,193.778
208,2005,75_79,158.898
208,2005,80_84,121.056
208,2005,85_89,67.4
208,2005,90_94,27.712
208,2005,95_99,6.346
208,2005,100plus,0.698
208,2006,0_4,325.541
208,2006,5_9,338.001
208,2006,10_14,350.954
208,2006,15_19,320.887
208,2006,20_24,293.658
208,2006,25_29,329.7
208,2006,30_34,378.089
208,2006,35_39,399.057
208,2006,40_44,414.498
208,2006,45_49,378.129
208,2006,50_54,355.741
208,2006,55_59,380.849
208,2006,60_64,341.354
208,2006,65_69,256.296
208,2006,70_74,196.138
208,2006,75_79,157.954
208,2006,80_84,120.579
208,2006,85_89,69.548
208,2006,90_94,29.61
208,2006,95_99,6.977
208,2006,100plus,0.733
208,2007,0_4,326.681
208,2007,5_9,334.775
208,2007,10_14,350.774
208,2007,15_19,332.546
208,2007,20_24,300.001
208,2007,25_29,320.845
208,2007,30_34,370.859
208,2007,35_39,396.917
208,2007,40_44,413.019
208,2007,45_49,387.176
208,2007,50_54,354.657
208,2007,55_59,373.27
208,2007,60_64,351.899
208,2007,65_69,269.001
208,2007,70_74,199.709
208,2007,75_79,157.701
208,2007,80_84,119.715
208,2007,85_89,71.381
208,2007,90_94,30.225
208,2007,95_99,7.998
208,2007,100plus,0.771
208,2008,0_4,328.03
208,2008,5_9,332.044
208,2008,10_14,348.624
208,2008,15_19,342.447
208,2008,20_24,309.575
208,2008,25_29,313.766
208,2008,30_34,363.014
208,2008,35_39,395.073
208,2008,40_44,409.532
208,2008,45_49,397.138
208,2008,50_54,356.361
208,2008,55_59,363.719
208,2008,60_64,360.921
208,2008,65_69,282.856
208,2008,70_74,204.937
208,2008,75_79,158.274
208,2008,80_84,119.046
208,2008,85_89,72.611
208,2008,90_94,30.242
208,2008,95_99,8.709
208,2008,100plus,0.812
208,2009,0_4,328.045
208,2009,5_9,329.866
208,2009,10_14,345.808
208,2009,15_19,349.451
208,2009,20_24,320.658
208,2009,25_29,310.111
208,2009,30_34,355.03
208,2009,35_39,392.459
208,2009,40_44,405.927
208,2009,45_49,405.726
208,2009,50_54,360.414
208,2009,55_59,355.349
208,2009,60_64,366.879
208,2009,65_69,296.69
208,2009,70_74,212.402
208,2009,75_79,159.942
208,2009,80_84,118.967
208,2009,85_89,73.406
208,2009,90_94,29.81
208,2009,95_99,8.593
208,2009,100plus,0.856
208,2010,0_4,325.866
208,2010,5_9,328.14
208,2010,10_14,343.078
208,2010,15_19,353.401
208,2010,20_24,331.589
208,2010,25_29,310.699
208,2010,30_34,347.476
208,2010,35_39,388.435
208,2010,40_44,403.362
208,2010,45_49,411.465
208,2010,50_54,366.4
208,2010,55_59,350.167
208,2010,60_64,368.908
208,2010,65_69,309.724
208,2010,70_74,222.262
208,2010,75_79,162.966
208,2010,80_84,119.555
208,2010,85_89,73.766
208,2010,90_94,29.381
208,2010,95_99,7.307
208,2010,100plus,0.902
208,2011,0_4,325.606
208,2011,5_9,326.545
208,2011,10_14,342.203
208,2011,15_19,360.545
208,2011,20_24,340.983
208,2011,25_29,310.926
208,2011,30_34,340.269
208,2011,35_39,379.757
208,2011,40_44,404.835
208,2011,45_49,412.183
208,2011,50_54,372.697
208,2011,55_59,343.638
208,2011,60_64,371.869
208,2011,65_69,319.513
208,2011,70_74,231.498
208,2011,75_79,164.819
208,2011,80_84,119.34
208,2011,85_89,74.957
208,2011,90_94,31.988
208,2011,95_99,7.859
208,2011,100plus,0.95
208,2012,0_4,318.945
208,2012,5_9,326.806
208,2012,10_14,339.993
208,2012,15_19,365.018
208,2012,20_24,352.727
208,2012,25_29,315.328
208,2012,30_34,332.371
208,2012,35_39,372.046
208,2012,40_44,404.07
208,2012,45_49,413.804
208,2012,50_54,380.307
208,2012,55_59,340.98
208,2012,60_64,367.177
208,2012,65_69,334.073
208,2012,70_74,240.992
208,2012,75_79,168.386
208,2012,80_84,118.944
208,2012,85_89,75.612
208,2012,90_94,33.526
208,2012,95_99,8.804
208,2012,100plus,1
208,2013,0_4,308.921
208,2013,5_9,328.961
208,2013,10_14,336.666
208,2013,15_19,366.058
208,2013,20_24,366.018
208,2013,25_29,323.482
208,2013,30_34,323.672
208,2013,35_39,366.826
208,2013,40_44,398.48
208,2013,45_49,417.909
208,2013,50_54,386.95
208,2013,55_59,343.513
208,2013,60_64,354.343
208,2013,65_69,353.081
208,2013,70_74,249.757
208,2013,75_79,174.059
208,2013,80_84,118.617
208,2013,85_89,75.88
208,2013,90_94,34.391
208,2013,95_99,9.517
208,2013,100plus,1.051
208,2014,0_4,300.08
208,2014,5_9,331.711
208,2014,10_14,332.973
208,2014,15_19,364.147
208,2014,20_24,378.777
208,2014,25_29,333.993
208,2014,30_34,316.13
208,2014,35_39,362.965
208,2014,40_44,388.686
208,2014,45_49,423.383
208,2014,50_54,391.866
208,2014,55_59,349.449
208,2014,60_64,338.185
208,2014,65_69,371.345
208,2014,70_74,258.9
208,2014,75_79,181.442
208,2014,80_84,118.994
208,2014,85_89,76.059
208,2014,90_94,34.524
208,2014,95_99,9.491
208,2014,100plus,1.099
208,2015,0_4,295.077
208,2015,5_9,332.982
208,2015,10_14,330.097
208,2015,15_19,360.316
208,2015,20_24,388.733
208,2015,25_29,345.821
208,2015,30_34,312.152
208,2015,35_39,358.023
208,2015,40_44,377.918
208,2015,45_49,426.889
208,2015,50_54,396.462
208,2015,55_59,355.801
208,2015,60_64,324.87
208,2015,65_69,382.427
208,2015,70_74,271.026
208,2015,75_79,189.501
208,2015,80_84,120.759
208,2015,85_89,76.087
208,2015,90_94,34.247
208,2015,95_99,8.367
208,2015,100plus,1.14
208,2016,0_4,284.932
208,2016,5_9,331.75
208,2016,10_14,331.25
208,2016,15_19,355.987
208,2016,20_24,391.922
208,2016,25_29,359.085
208,2016,30_34,314.283
208,2016,35_39,350.703
208,2016,40_44,372.305
208,2016,45_49,421.954
208,2016,50_54,404.505
208,2016,55_59,363.276
208,2016,60_64,320.125
208,2016,65_69,376.509
208,2016,70_74,288.76
208,2016,75_79,196.351
208,2016,80_84,124.265
208,2016,85_89,76.462
208,2016,90_94,36.513
208,2016,95_99,9.231
208,2016,100plus,1.178
208,2017,0_4,285.575
208,2017,5_9,326.032
208,2017,10_14,333.749
208,2017,15_19,350.709
208,2017,20_24,390.361
208,2017,25_29,372.644
208,2017,30_34,320.693
208,2017,35_39,340.034
208,2017,40_44,369.652
208,2017,45_49,411.498
208,2017,50_54,412.467
208,2017,55_59,369.601
208,2017,60_64,322.34
208,2017,65_69,359.718
208,2017,70_74,310.475
208,2017,75_79,202.656
208,2017,80_84,128.86
208,2017,85_89,76.077
208,2017,90_94,37.361
208,2017,95_99,10.566
208,2017,100plus,1.209
208,2018,0_4,293.368
208,2018,5_9,316.383
208,2018,10_14,336.95
208,2018,15_19,345.372
208,2018,20_24,385.457
208,2018,25_29,385.309
208,2018,30_34,330.593
208,2018,35_39,328.518
208,2018,40_44,368.493
208,2018,45_49,398.146
208,2018,50_54,419.121
208,2018,55_59,375.259
208,2018,60_64,329.496
208,2018,65_69,337.747
208,2018,70_74,331.841
208,2018,75_79,209.931
208,2018,80_84,134.337
208,2018,85_89,75.635
208,2018,90_94,37.437
208,2018,95_99,11.499
208,2018,100plus,1.239
208,2019,0_4,302.353
208,2019,5_9,305.513
208,2019,10_14,338.779
208,2019,15_19,341.219
208,2019,20_24,379.522
208,2019,25_29,395.469
208,2019,30_34,342.443
208,2019,35_39,320.132
208,2019,40_44,366.147
208,2019,45_49,385.944
208,2019,50_54,422.585
208,2019,55_59,381.36
208,2019,60_64,338.039
208,2019,65_69,319.145
208,2019,70_74,346.572
208,2019,75_79,220.374
208,2019,80_84,140.445
208,2019,85_89,76.142
208,2019,90_94,36.964
208,2019,95_99,11.455
208,2019,100plus,1.275
208,2020,0_4,308.596
208,2020,5_9,297.433
208,2020,10_14,337.045
208,2020,15_19,338.903
208,2020,20_24,373.946
208,2020,25_29,402.016
208,2020,30_34,355.016
208,2020,35_39,317.274
208,2020,40_44,360.966
208,2020,45_49,377.241
208,2020,50_54,421.735
208,2020,55_59,388.391
208,2020,60_64,345.703
208,2020,65_69,308.827
208,2020,70_74,351.301
208,2020,75_79,234.837
208,2020,80_84,147.182
208,2020,85_89,78.137
208,2020,90_94,36.193
208,2020,95_99,10.135
208,2020,100plus,1.326
208,2021,0_4,319.795
208,2021,5_9,293.814
208,2021,10_14,332.668
208,2021,15_19,339.399
208,2021,20_24,368.234
208,2021,25_29,403.928
208,2021,30_34,367.4
208,2021,35_39,318.841
208,2021,40_44,352.648
208,2021,45_49,370.841
208,2021,50_54,415.934
208,2021,55_59,395.436
208,2021,60_64,351.783
208,2021,65_69,304.068
208,2021,70_74,344.573
208,2021,75_79,250.021
208,2021,80_84,152.631
208,2021,85_89,81.369
208,2021,90_94,37.687
208,2021,95_99,10.84
208,2021,100plus,1.392
208,2022,0_4,325.1
208,2022,5_9,294.179
208,2022,10_14,325.197
208,2022,15_19,342.561
208,2022,20_24,362.745
208,2022,25_29,402.227
208,2022,30_34,380.921
208,2022,35_39,325.423
208,2022,40_44,341.979
208,2022,45_49,368.305
208,2022,50_54,405.766
208,2022,55_59,403.465
208,2022,60_64,357.815
208,2022,65_69,306.563
208,2022,70_74,329.177
208,2022,75_79,269.49
208,2022,80_84,157.788
208,2022,85_89,84.918
208,2022,90_94,37.95
208,2022,95_99,11.912
208,2022,100plus,1.471
208,2023,0_4,326.092
208,2023,5_9,298.549
208,2023,10_14,315.743
208,2023,15_19,346.457
208,2023,20_24,357.967
208,2023,25_29,397.879
208,2023,30_34,394.067
208,2023,35_39,335.766
208,2023,40_44,331.054
208,2023,45_49,367.712
208,2023,50_54,393.275
208,2023,55_59,410.708
208,2023,60_64,363.999
208,2023,65_69,313.917
208,2023,70_74,309.981
208,2023,75_79,289.139
208,2023,80_84,163.929
208,2023,85_89,88.635
208,2023,90_94,37.887
208,2023,95_99,12.624
208,2023,100plus,1.557
208,2024,0_4,326.32
208,2024,5_9,305.137
208,2024,10_14,306.999
208,2024,15_19,348.11
208,2024,20_24,354.491
208,2024,25_29,392.525
208,2024,30_34,404.605
208,2024,35_39,347.797
208,2024,40_44,323.214
208,2024,45_49,365.771
208,2024,50_54,381.722
208,2024,55_59,414.577
208,2024,60_64,370.736
208,2024,65_69,322.391
208,2024,70_74,294.16
208,2024,75_79,302.846
208,2024,80_84,172.827
208,2024,85_89,92.791
208,2024,90_94,37.796
208,2024,95_99,12.422
208,2024,100plus,1.638
208,2025,0_4,328.191
208,2025,5_9,310.965
208,2025,10_14,301.526
208,2025,15_19,345.866
208,2025,20_24,352.605
208,2025,25_29,387.315
208,2025,30_34,411.185
208,2025,35_39,360.118
208,2025,40_44,320.535
208,2025,45_49,360.656
208,2025,50_54,373.175
208,2025,55_59,413.709
208,2025,60_64,378.057
208,2025,65_69,329.867
208,2025,70_74,285.813
208,2025,75_79,307.417
208,2025,80_84,185.218
208,2025,85_89,97.383
208,2025,90_94,38.236
208,2025,95_99,10.951
208,2025,100plus,1.708
208,2026,0_4,329.851
208,2026,5_9,316.058
208,2026,10_14,300.59
208,2026,15_19,341.716
208,2026,20_24,353.05
208,2026,25_29,381.804
208,2026,30_34,413.66
208,2026,35_39,373.159
208,2026,40_44,322.371
208,2026,45_49,352.879
208,2026,50_54,367.521
208,2026,55_59,408.673
208,2026,60_64,385.197
208,2026,65_69,336.176
208,2026,70_74,282.317
208,2026,75_79,301.18
208,2026,80_84,198.725
208,2026,85_89,102.159
208,2026,90_94,41.442
208,2026,95_99,11.452
208,2026,100plus,1.769
208,2027,0_4,332.24
208,2027,5_9,320.536
208,2027,10_14,302.515
208,2027,15_19,333.881
208,2027,20_24,355.998
208,2027,25_29,376.182
208,2027,30_34,412
208,2027,35_39,386.889
208,2027,40_44,328.884
208,2027,45_49,342.344
208,2027,50_54,365.19
208,2027,55_59,398.945
208,2027,60_64,393.008
208,2027,65_69,342.215
208,2027,70_74,285.078
208,2027,75_79,287.47
208,2027,80_84,215.414
208,2027,85_89,105.918
208,2027,90_94,43.75
208,2027,95_99,12.395
208,2027,100plus,1.82
208,2028,0_4,335.272
208,2028,5_9,324.248
208,2028,10_14,306.534
208,2028,15_19,324.15
208,2028,20_24,359.708
208,2028,25_29,371.154
208,2028,30_34,407.375
208,2028,35_39,399.795
208,2028,40_44,339.02
208,2028,45_49,331.294
208,2028,50_54,364.433
208,2028,55_59,386.621
208,2028,60_64,400
208,2028,65_69,348.2
208,2028,70_74,291.927
208,2028,75_79,271.089
208,2028,80_84,231.724
208,2028,85_89,109.821
208,2028,90_94,45.731
208,2028,95_99,13.149
208,2028,100plus,1.863
208,2029,0_4,337.826
208,2029,5_9,327.434
208,2029,10_14,311.105
208,2029,15_19,315.656
208,2029,20_24,361.467
208,2029,25_29,367.633
208,2029,30_34,401.791
208,2029,35_39,409.958
208,2029,40_44,350.967
208,2029,45_49,323.35
208,2029,50_54,362.309
208,2029,55_59,375.194
208,2029,60_64,403.94
208,2029,65_69,354.749
208,2029,70_74,299.851
208,2029,75_79,258.488
208,2029,80_84,242.696
208,2029,85_89,116.065
208,2029,90_94,47.362
208,2029,95_99,13.155
208,2029,100plus,1.901
208,2030,0_4,339.156
208,2030,5_9,330.573
208,2030,10_14,315.066
208,2030,15_19,310.391
208,2030,20_24,359.604
208,2030,25_29,366.06
208,2030,30_34,396.579
208,2030,35_39,416.257
208,2030,40_44,363.347
208,2030,45_49,320.699
208,2030,50_54,357.151
208,2030,55_59,366.821
208,2030,60_64,403.503
208,2030,65_69,362.052
208,2030,70_74,307.212
208,2030,75_79,252.904
208,2030,80_84,246.117
208,2030,85_89,125.371
208,2030,90_94,49.105
208,2030,95_99,11.963
208,2030,100plus,1.937
208,2031,0_4,339.587
208,2031,5_9,334.199
208,2031,10_14,319.876
208,2031,15_19,309.394
208,2031,20_24,354.887
208,2031,25_29,366.142
208,2031,30_34,391.043
208,2031,35_39,418.848
208,2031,40_44,376.102
208,2031,45_49,322.535
208,2031,50_54,349.508
208,2031,55_59,361.42
208,2031,60_64,398.304
208,2031,65_69,368.992
208,2031,70_74,312.938
208,2031,75_79,250.442
208,2031,80_84,240.713
208,2031,85_89,136.597
208,2031,90_94,53.295
208,2031,95_99,13.176
208,2031,100plus,1.973
208,2032,0_4,339.558
208,2032,5_9,337.065
208,2032,10_14,324.241
208,2032,15_19,311.474
208,2032,20_24,346.775
208,2032,25_29,368.881
208,2032,30_34,385.398
208,2032,35_39,417.333
208,2032,40_44,389.658
208,2032,45_49,329.036
208,2032,50_54,339.152
208,2032,55_59,359.354
208,2032,60_64,388.779
208,2032,65_69,376.748
208,2032,70_74,318.749
208,2032,75_79,253.259
208,2032,80_84,229.673
208,2032,85_89,149.28
208,2032,90_94,55.651
208,2032,95_99,15.138
208,2032,100plus,2.01
208,2033,0_4,339.008
208,2033,5_9,339.171
208,2033,10_14,328.147
208,2033,15_19,315.615
208,2033,20_24,337.135
208,2033,25_29,372.611
208,2033,30_34,380.396
208,2033,35_39,412.795
208,2033,40_44,402.613
208,2033,45_49,339.167
208,2033,50_54,328.334
208,2033,55_59,358.79
208,2033,60_64,377.098
208,2033,65_69,383.787
208,2033,70_74,324.835
208,2033,75_79,259.581
208,2033,80_84,217.267
208,2033,85_89,160.507
208,2033,90_94,57.955
208,2033,95_99,16.719
208,2033,100plus,2.052
208,2034,0_4,338.122
208,2034,5_9,340.607
208,2034,10_14,331.64
208,2034,15_19,320.125
208,2034,20_24,328.997
208,2034,25_29,374.572
208,2034,30_34,376.919
208,2034,35_39,407.154
208,2034,40_44,412.969
208,2034,45_49,351.086
208,2034,50_54,320.56
208,2034,55_59,356.759
208,2034,60_64,366.542
208,2034,65_69,387.869
208,2034,70_74,331.632
208,2034,75_79,267.065
208,2034,80_84,208.552
208,2034,85_89,168.142
208,2034,90_94,60.567
208,2034,95_99,17.125
208,2034,100plus,2.11
208,2035,0_4,336.943
208,2035,5_9,341.552
208,2035,10_14,334.68
208,2035,15_19,323.941
208,2035,20_24,324.199
208,2035,25_29,373.097
208,2035,30_34,375.419
208,2035,35_39,401.776
208,2035,40_44,419.439
208,2035,45_49,363.445
208,2035,50_54,317.96
208,2035,55_59,351.655
208,2035,60_64,358.998
208,2035,65_69,387.764
208,2035,70_74,339.21
208,2035,75_79,274.474
208,2035,80_84,205.777
208,2035,85_89,170.267
208,2035,90_94,65.16
208,2035,95_99,15.904
208,2035,100plus,2.188
208,2036,0_4,335.184
208,2036,5_9,342.574
208,2036,10_14,338.393
208,2036,15_19,328.747
208,2036,20_24,322.725
208,2036,25_29,368.119
208,2036,30_34,375.574
208,2036,35_39,396.492
208,2036,40_44,421.879
208,2036,45_49,376.195
208,2036,50_54,319.982
208,2036,55_59,344.283
208,2036,60_64,353.652
208,2036,65_69,382.924
208,2036,70_74,345.76
208,2036,75_79,279.438
208,2036,80_84,205.083
208,2036,85_89,166.968
208,2036,90_94,74.046
208,2036,95_99,17.479
208,2036,100plus,2.294
208,2037,0_4,333.763
208,2037,5_9,342.708
208,2037,10_14,341.354
208,2037,15_19,333.227
208,2037,20_24,324.545
208,2037,25_29,359.841
208,2037,30_34,378.306
208,2037,35_39,391.039
208,2037,40_44,420.276
208,2037,45_49,389.728
208,2037,50_54,326.537
208,2037,55_59,334.291
208,2037,60_64,351.628
208,2037,65_69,374.051
208,2037,70_74,353.326
208,2037,75_79,284.775
208,2037,80_84,208.064
208,2037,85_89,159.779
208,2037,90_94,81.434
208,2037,95_99,19.868
208,2037,100plus,2.426
208,2038,0_4,332.518
208,2038,5_9,342.041
208,2038,10_14,343.57
208,2038,15_19,337.191
208,2038,20_24,328.705
208,2038,25_29,350.171
208,2038,30_34,381.987
208,2038,35_39,386.049
208,2038,40_44,415.778
208,2038,45_49,402.64
208,2038,50_54,336.593
208,2038,55_59,323.78
208,2038,60_64,351.238
208,2038,65_69,363.121
208,2038,70_74,360.376
208,2038,75_79,290.774
208,2038,80_84,213.433
208,2038,85_89,151.722
208,2038,90_94,87.199
208,2038,95_99,21.96
208,2038,100plus,2.579
208,2039,0_4,331.219
208,2039,5_9,340.808
208,2039,10_14,345.024
208,2039,15_19,340.634
208,2039,20_24,333.508
208,2039,25_29,342.191
208,2039,30_34,383.92
208,2039,35_39,382.433
208,2039,40_44,410.311
208,2039,45_49,412.952
208,2039,50_54,348.367
208,2039,55_59,316.191
208,2039,60_64,349.604
208,2039,65_69,353.29
208,2039,70_74,364.766
208,2039,75_79,297.811
208,2039,80_84,219.771
208,2039,85_89,146.312
208,2039,90_94,90.574
208,2039,95_99,22.841
208,2039,100plus,2.749
208,2040,0_4,329.676
208,2040,5_9,339.352
208,2040,10_14,345.665
208,2040,15_19,343.563
208,2040,20_24,337.77
208,2040,25_29,337.768
208,2040,30_34,382.502
208,2040,35_39,380.735
208,2040,40_44,405.132
208,2040,45_49,419.439
208,2040,50_54,360.567
208,2040,55_59,313.651
208,2040,60_64,345.052
208,2040,65_69,346.442
208,2040,70_74,365.306
208,2040,75_79,305.832
208,2040,80_84,226.533
208,2040,85_89,145.721
208,2040,90_94,91.093
208,2040,95_99,21.859
208,2040,100plus,2.932
208,2041,0_4,328.319
208,2041,5_9,338.296
208,2041,10_14,346.664
208,2041,15_19,347.209
208,2041,20_24,342.025
208,2041,25_29,335.963
208,2041,30_34,377.519
208,2041,35_39,381.054
208,2041,40_44,399.654
208,2041,45_49,421.84
208,2041,50_54,373.278
208,2041,55_59,315.781
208,2041,60_64,337.555
208,2041,65_69,341.505
208,2041,70_74,360.545
208,2041,75_79,311.584
208,2041,80_84,230.971
208,2041,85_89,146.915
208,2041,90_94,91.976
208,2041,95_99,25.63
208,2041,100plus,3.122
208,2042,0_4,326.94
208,2042,5_9,336.961
208,2042,10_14,346.811
208,2042,15_19,350.278
208,2042,20_24,346.227
208,2042,25_29,337.591
208,2042,30_34,369.229
208,2042,35_39,383.942
208,2042,40_44,394.105
208,2042,45_49,420.261
208,2042,50_54,386.782
208,2042,55_59,322.412
208,2042,60_64,327.682
208,2042,65_69,339.849
208,2042,70_74,352.301
208,2042,75_79,318.586
208,2042,80_84,235.805
208,2042,85_89,149.622
208,2042,90_94,88.361
208,2042,95_99,30.725
208,2042,100plus,3.32
208,2043,0_4,325.595
208,2043,5_9,335.464
208,2043,10_14,346.224
208,2043,15_19,352.597
208,2043,20_24,350.253
208,2043,25_29,341.751
208,2043,30_34,359.574
208,2043,35_39,387.667
208,2043,40_44,389.2
208,2043,45_49,415.855
208,2043,50_54,399.678
208,2043,55_59,332.422
208,2043,60_64,317.621
208,2043,65_69,339.711
208,2043,70_74,342.421
208,2043,75_79,325.546
208,2043,80_84,241.336
208,2043,85_89,153.289
208,2043,90_94,83.907
208,2043,95_99,34.176
208,2043,100plus,3.541
208,2044,0_4,324.404
208,2044,5_9,333.846
208,2044,10_14,345.07
208,2044,15_19,354.04
208,2044,20_24,354.035
208,2044,25_29,346.744
208,2044,30_34,351.628
208,2044,35_39,389.5
208,2044,40_44,385.788
208,2044,45_49,410.489
208,2044,50_54,409.958
208,2044,55_59,344.029
208,2044,60_64,310.666
208,2044,65_69,338.286
208,2044,70_74,333.807
208,2044,75_79,330.409
208,2044,80_84,247.923
208,2044,85_89,158.012
208,2044,90_94,80.708
208,2044,95_99,34.478
208,2044,100plus,3.808
208,2045,0_4,323.407
208,2045,5_9,332.098
208,2045,10_14,343.472
208,2045,15_19,354.554
208,2045,20_24,357.402
208,2045,25_29,351.359
208,2045,30_34,347.254
208,2045,35_39,387.87
208,2045,40_44,384.251
208,2045,45_49,405.387
208,2045,50_54,416.341
208,2045,55_59,355.975
208,2045,60_64,308.674
208,2045,65_69,334.06
208,2045,70_74,328.102
208,2045,75_79,331.926
208,2045,80_84,255.616
208,2045,85_89,163.558
208,2045,90_94,80.301
208,2045,95_99,31.548
208,2045,100plus,4.133
208,2046,0_4,322.918
208,2046,5_9,330.903
208,2046,10_14,342.778
208,2046,15_19,355.629
208,2046,20_24,360.656
208,2046,25_29,355.434
208,2046,30_34,345.611
208,2046,35_39,383.223
208,2046,40_44,384.535
208,2046,45_49,400.119
208,2046,50_54,418.963
208,2046,55_59,368.749
208,2046,60_64,310.659
208,2046,65_69,326.985
208,2046,70_74,323.646
208,2046,75_79,327.258
208,2046,80_84,260.993
208,2046,85_89,167.847
208,2046,90_94,83.574
208,2046,95_99,31.847
208,2046,100plus,4.536
208,2047,0_4,322.73
208,2047,5_9,329.623
208,2047,10_14,341.694
208,2047,15_19,355.928
208,2047,20_24,363.542
208,2047,25_29,359.532
208,2047,30_34,347.306
208,2047,35_39,375.199
208,2047,40_44,387.413
208,2047,45_49,394.721
208,2047,50_54,417.582
208,2047,55_59,382.339
208,2047,60_64,317.105
208,2047,65_69,317.69
208,2047,70_74,322.411
208,2047,75_79,319.726
208,2047,80_84,267.51
208,2047,85_89,171.862
208,2047,90_94,85.611
208,2047,95_99,31.875
208,2047,100plus,4.995
208,2048,0_4,322.798
208,2048,5_9,328.308
208,2048,10_14,340.206
208,2048,15_19,355.393
208,2048,20_24,365.887
208,2048,25_29,363.522
208,2048,30_34,351.422
208,2048,35_39,365.564
208,2048,40_44,391.153
208,2048,45_49,389.837
208,2048,50_54,413.263
208,2048,55_59,395.172
208,2048,60_64,326.981
208,2048,65_69,308.147
208,2048,70_74,322.549
208,2048,75_79,311.175
208,2048,80_84,273.97
208,2048,85_89,175.893
208,2048,90_94,87.511
208,2048,95_99,31.743
208,2048,100plus,5.457
208,2049,0_4,323.088
208,2049,5_9,327.019
208,2049,10_14,338.35
208,2049,15_19,354.15
208,2049,20_24,367.546
208,2049,25_29,367.368
208,2049,30_34,356.3
208,2049,35_39,357.397
208,2049,40_44,393.034
208,2049,45_49,386.349
208,2049,50_54,407.869
208,2049,55_59,405.222
208,2049,60_64,338.566
208,2049,65_69,301.541
208,2049,70_74,321.431
208,2049,75_79,304.262
208,2049,80_84,278.597
208,2049,85_89,181.147
208,2049,90_94,89.49
208,2049,95_99,31.026
208,2049,100plus,5.846
208,2050,0_4,323.609
208,2050,5_9,325.836
208,2050,10_14,336.223
208,2050,15_19,352.374
208,2050,20_24,368.407
208,2050,25_29,371.002
208,2050,30_34,360.862
208,2050,35_39,352.724
208,2050,40_44,391.45
208,2050,45_49,384.756
208,2050,50_54,402.685
208,2050,55_59,411.339
208,2050,60_64,350.568
208,2050,65_69,299.79
208,2050,70_74,317.737
208,2050,75_79,300.33
208,2050,80_84,280.509
208,2050,85_89,187.849
208,2050,90_94,92.432
208,2050,95_99,28.781
208,2050,100plus,6.111
208,2051,0_4,324.895
208,2051,5_9,325.516
208,2051,10_14,335.266
208,2051,15_19,351.656
208,2051,20_24,368.987
208,2051,25_29,373.971
208,2051,30_34,364.986
208,2051,35_39,351.307
208,2051,40_44,386.657
208,2051,45_49,385.105
208,2051,50_54,397.613
208,2051,55_59,414.044
208,2051,60_64,362.82
208,2051,65_69,301.889
208,2051,70_74,310.838
208,2051,75_79,296.282
208,2051,80_84,276.516
208,2051,85_89,193.018
208,2051,90_94,97.513
208,2051,95_99,30.221
208,2051,100plus,6.239
208,2052,0_4,326.371
208,2052,5_9,325.331
208,2052,10_14,334.093
208,2052,15_19,350.603
208,2052,20_24,368.976
208,2052,25_29,376.632
208,2052,30_34,369.027
208,2052,35_39,353.128
208,2052,40_44,378.501
208,2052,45_49,387.962
208,2052,50_54,392.304
208,2052,55_59,412.809
208,2052,60_64,375.971
208,2052,65_69,308.295
208,2052,70_74,302.027
208,2052,75_79,295.261
208,2052,80_84,270.245
208,2052,85_89,198.491
208,2052,90_94,100.086
208,2052,95_99,33.151
208,2052,100plus,6.246
208,2053,0_4,327.991
208,2053,5_9,325.368
208,2053,10_14,332.765
208,2053,15_19,349.161
208,2053,20_24,368.459
208,2053,25_29,378.927
208,2053,30_34,372.962
208,2053,35_39,357.237
208,2053,40_44,368.9
208,2053,45_49,391.683
208,2053,50_54,387.481
208,2053,55_59,408.662
208,2053,60_64,388.664
208,2053,65_69,317.97
208,2053,70_74,293.205
208,2053,75_79,295.687
208,2053,80_84,263.5
208,2053,85_89,203.307
208,2053,90_94,102.262
208,2053,95_99,35.523
208,2053,100plus,6.187
208,2054,0_4,329.646
208,2054,5_9,325.63
208,2054,10_14,331.358
208,2054,15_19,347.324
208,2054,20_24,367.55
208,2054,25_29,380.771
208,2054,30_34,376.813
208,2054,35_39,361.99
208,2054,40_44,360.933
208,2054,45_49,393.58
208,2054,50_54,384.044
208,2054,55_59,403.408
208,2054,60_64,398.895
208,2054,65_69,329.29
208,2054,70_74,287.375
208,2054,75_79,295.243
208,2054,80_84,258.59
208,2054,85_89,207.185
208,2054,90_94,104.709
208,2054,95_99,36.023
208,2054,100plus,6.141
208,2055,0_4,331.241
208,2055,5_9,326.044
208,2055,10_14,329.967
208,2055,15_19,345.134
208,2055,20_24,366.249
208,2055,25_29,382.022
208,2055,30_34,380.514
208,2055,35_39,366.357
208,2055,40_44,356.453
208,2055,45_49,392.048
208,2055,50_54,382.462
208,2055,55_59,398.299
208,2055,60_64,405.334
208,2055,65_69,341.101
208,2055,70_74,286.283
208,2055,75_79,292.684
208,2055,80_84,256.582
208,2055,85_89,209.47
208,2055,90_94,108.738
208,2055,95_99,34.143
208,2055,100plus,6.166
208,2056,0_4,333.471
208,2056,5_9,327.264
208,2056,10_14,329.929
208,2056,15_19,344.129
208,2056,20_24,365.015
208,2056,25_29,382.3
208,2056,30_34,383.517
208,2056,35_39,370.673
208,2056,40_44,354.884
208,2056,45_49,387.302
208,2056,50_54,382.951
208,2056,55_59,393.43
208,2056,60_64,407.699
208,2056,65_69,353.057
208,2056,70_74,288.32
208,2056,75_79,285.874
208,2056,80_84,253.69
208,2056,85_89,207.032
208,2056,90_94,114.892
208,2056,95_99,36.571
208,2056,100plus,6.287
208,2057,0_4,335.317
208,2057,5_9,328.694
208,2057,10_14,329.936
208,2057,15_19,343.037
208,2057,20_24,363.718
208,2057,25_29,382.13
208,2057,30_34,386.183
208,2057,35_39,374.899
208,2057,40_44,356.623
208,2057,45_49,379.223
208,2057,50_54,385.913
208,2057,55_59,388.394
208,2057,60_64,406.398
208,2057,65_69,366.036
208,2057,70_74,294.615
208,2057,75_79,277.621
208,2057,80_84,253.332
208,2057,85_89,202.649
208,2057,90_94,118.344
208,2057,95_99,39.964
208,2057,100plus,6.482
208,2058,0_4,336.848
208,2058,5_9,330.33
208,2058,10_14,329.961
208,2058,15_19,341.785
208,2058,20_24,362.329
208,2058,25_29,381.606
208,2058,30_34,388.468
208,2058,35_39,378.863
208,2058,40_44,360.765
208,2058,45_49,369.694
208,2058,50_54,389.673
208,2058,55_59,383.749
208,2058,60_64,402.504
208,2058,65_69,378.576
208,2058,70_74,304.064
208,2058,75_79,269.803
208,2058,80_84,254.081
208,2058,85_89,197.801
208,2058,90_94,120.763
208,2058,95_99,42.582
208,2058,100plus,6.737
208,2059,0_4,338.148
208,2059,5_9,332.06
208,2059,10_14,330.02
208,2059,15_19,340.38
208,2059,20_24,360.796
208,2059,25_29,380.847
208,2059,30_34,390.281
208,2059,35_39,382.562
208,2059,40_44,365.638
208,2059,45_49,361.758
208,2059,50_54,391.532
208,2059,55_59,380.358
208,2059,60_64,397.739
208,2059,65_69,388.661
208,2059,70_74,315.138
208,2059,75_79,265.197
208,2059,80_84,254.072
208,2059,85_89,194.699
208,2059,90_94,122.565
208,2059,95_99,43.258
208,2059,100plus,7.025
208,2060,0_4,339.252
208,2060,5_9,333.681
208,2060,10_14,330.178
208,2060,15_19,338.887
208,2060,20_24,359.029
208,2060,25_29,379.888
208,2060,30_34,391.556
208,2060,35_39,386.023
208,2060,40_44,370.119
208,2060,45_49,357.305
208,2060,50_54,389.915
208,2060,55_59,378.731
208,2060,60_64,393.161
208,2060,65_69,395.066
208,2060,70_74,326.797
208,2060,75_79,265.271
208,2060,80_84,252.47
208,2060,85_89,194.762
208,2060,90_94,124.006
208,2060,95_99,41.391
208,2060,100plus,7.327
208,2061,0_4,340.402
208,2061,5_9,335.76
208,2061,10_14,331.761
208,2061,15_19,338.823
208,2061,20_24,357.536
208,2061,25_29,378.38
208,2061,30_34,391.893
208,2061,35_39,389.25
208,2061,40_44,374.288
208,2061,45_49,355.82
208,2061,50_54,385.336
208,2061,55_59,379.381
208,2061,60_64,388.17
208,2061,65_69,397.444
208,2061,70_74,338.087
208,2061,75_79,267.122
208,2061,80_84,246.461
208,2061,85_89,193.679
208,2061,90_94,125.422
208,2061,95_99,44.534
208,2061,100plus,7.647
208,2062,0_4,341.382
208,2062,5_9,337.604
208,2062,10_14,333.425
208,2062,15_19,338.879
208,2062,20_24,356.176
208,2062,25_29,376.902
208,2062,30_34,391.712
208,2062,35_39,392.081
208,2062,40_44,378.397
208,2062,45_49,357.594
208,2062,50_54,377.389
208,2062,55_59,382.495
208,2062,60_64,383.107
208,2062,65_69,396.355
208,2062,70_74,350.632
208,2062,75_79,273
208,2062,80_84,239.355
208,2062,85_89,193.896
208,2062,90_94,122.797
208,2062,95_99,48.705
208,2062,100plus,7.983
208,2063,0_4,342.165
208,2063,5_9,339.214
208,2063,10_14,335.082
208,2063,15_19,338.957
208,2063,20_24,354.958
208,2063,25_29,375.487
208,2063,30_34,391.157
208,2063,35_39,394.376
208,2063,40_44,382.38
208,2063,45_49,361.721
208,2063,50_54,367.965
208,2063,55_59,386.311
208,2063,60_64,378.661
208,2063,65_69,392.754
208,2063,70_74,362.967
208,2063,75_79,281.963
208,2063,80_84,232.91
208,2063,85_89,194.451
208,2063,90_94,119.554
208,2063,95_99,51.466
208,2063,100plus,8.336
208,2064,0_4,342.63
208,2064,5_9,340.581
208,2064,10_14,336.585
208,2064,15_19,339.034
208,2064,20_24,353.859
208,2064,25_29,374.108
208,2064,30_34,390.377
208,2064,35_39,396.045
208,2064,40_44,386.218
208,2064,45_49,366.564
208,2064,50_54,360.083
208,2064,55_59,388.13
208,2064,60_64,375.681
208,2064,65_69,388.283
208,2064,70_74,373.059
208,2064,75_79,292.722
208,2064,80_84,229.648
208,2064,85_89,194.759
208,2064,90_94,117.495
208,2064,95_99,51.495
208,2064,100plus,8.711
208,2065,0_4,342.643
208,2065,5_9,341.694
208,2065,10_14,337.816
208,2065,15_19,339.104
208,2065,20_24,352.799
208,2065,25_29,372.691
208,2065,30_34,389.446
208,2065,35_39,397.082
208,2065,40_44,389.803
208,2065,45_49,371.017
208,2065,50_54,355.597
208,2065,55_59,386.425
208,2065,60_64,374.502
208,2065,65_69,384.024
208,2065,70_74,379.636
208,2065,75_79,304.35
208,2065,80_84,230.871
208,2065,85_89,194.392
208,2065,90_94,117.995
208,2065,95_99,48.538
208,2065,100plus,9.104
208,2066,0_4,342.555
208,2066,5_9,343.227
208,2066,10_14,340.15
208,2066,15_19,340.72
208,2066,20_24,352.292
208,2066,25_29,370.977
208,2066,30_34,388.058
208,2066,35_39,397.707
208,2066,40_44,392.94
208,2066,45_49,375.29
208,2066,50_54,354.353
208,2066,55_59,382.069
208,2066,60_64,374.986
208,2066,65_69,379.379
208,2066,70_74,381.781
208,2066,75_79,314.528
208,2066,80_84,232.988
208,2066,85_89,190.072
208,2066,90_94,120.196
208,2066,95_99,49.415
208,2066,100plus,9.534
208,2067,0_4,342.23
208,2067,5_9,344.321
208,2067,10_14,342.19
208,2067,15_19,342.518
208,2067,20_24,352.131
208,2067,25_29,369.488
208,2067,30_34,386.622
208,2067,35_39,397.751
208,2067,40_44,395.719
208,2067,45_49,379.473
208,2067,50_54,356.261
208,2067,55_59,374.422
208,2067,60_64,377.996
208,2067,65_69,374.698
208,2067,70_74,380.858
208,2067,75_79,326.269
208,2067,80_84,238.491
208,2067,85_89,184.698
208,2067,90_94,120.472
208,2067,95_99,50.503
208,2067,100plus,9.981
208,2068,0_4,341.671
208,2068,5_9,344.966
208,2068,10_14,343.855
208,2068,15_19,344.241
208,2068,20_24,352.246
208,2068,25_29,368.244
208,2068,30_34,385.177
208,2068,35_39,397.211
208,2068,40_44,398.035
208,2068,45_49,383.457
208,2068,50_54,360.394
208,2068,55_59,365.202
208,2068,60_64,381.866
208,2068,65_69,370.509
208,2068,70_74,377.697
208,2068,75_79,338.222
208,2068,80_84,246.513
208,2068,85_89,179.873
208,2068,90_94,120.3
208,2068,95_99,51.057
208,2068,100plus,10.414
208,2069,0_4,340.953
208,2069,5_9,345.193
208,2069,10_14,345.079
208,2069,15_19,345.678
208,2069,20_24,352.579
208,2069,25_29,367.25
208,2069,30_34,383.722
208,2069,35_39,396.231
208,2069,40_44,399.79
208,2069,45_49,387.222
208,2069,50_54,365.121
208,2069,55_59,357.371
208,2069,60_64,383.926
208,2069,65_69,367.65
208,2069,70_74,373.806
208,2069,75_79,348.36
208,2069,80_84,256.201
208,2069,85_89,177.855
208,2069,90_94,120.236
208,2069,95_99,50.345
208,2069,100plus,10.789
208,2070,0_4,340.111
208,2070,5_9,345.088
208,2070,10_14,345.83
208,2070,15_19,346.745
208,2070,20_24,353.027
208,2070,25_29,366.48
208,2070,30_34,382.277
208,2070,35_39,395.008
208,2070,40_44,400.898
208,2070,45_49,390.735
208,2070,50_54,369.398
208,2070,55_59,352.819
208,2070,60_64,382.561
208,2070,65_69,366.607
208,2070,70_74,370.183
208,2070,75_79,355.361
208,2070,80_84,267.129
208,2070,85_89,180.32
208,2070,90_94,120.365
208,2070,95_99,47.666
208,2070,100plus,11.079
208,2071,0_4,339.289
208,2071,5_9,345.437
208,2071,10_14,347.578
208,2071,15_19,349.103
208,2071,20_24,354.188
208,2071,25_29,365.74
208,2071,30_34,380.663
208,2071,35_39,393.89
208,2071,40_44,401.423
208,2071,45_49,393.969
208,2071,50_54,373.834
208,2071,55_59,351.783
208,2071,60_64,378.04
208,2071,65_69,367.266
208,2071,70_74,365.707
208,2071,75_79,356.844
208,2071,80_84,276.175
208,2071,85_89,182.863
208,2071,90_94,119.853
208,2071,95_99,49.222
208,2071,100plus,11.287
208,2072,0_4,338.814
208,2072,5_9,345.243
208,2072,10_14,348.799
208,2072,15_19,351.217
208,2072,20_24,355.703
208,2072,25_29,365.382
208,2072,30_34,379.151
208,2072,35_39,392.61
208,2072,40_44,401.345
208,2072,45_49,396.754
208,2072,50_54,378.068
208,2072,55_59,353.83
208,2072,60_64,370.354
208,2072,65_69,370.399
208,2072,70_74,361.304
208,2072,75_79,355.808
208,2072,80_84,286.881
208,2072,85_89,187.35
208,2072,90_94,116.357
208,2072,95_99,51.886
208,2072,100plus,11.408
208,2073,0_4,338.544
208,2073,5_9,344.596
208,2073,10_14,349.505
208,2073,15_19,352.93
208,2073,20_24,357.44
208,2073,25_29,365.449
208,2073,30_34,377.856
208,2073,35_39,391.159
208,2073,40_44,400.81
208,2073,45_49,399.052
208,2073,50_54,382.046
208,2073,55_59,357.983
208,2073,60_64,361.38
208,2073,65_69,374.313
208,2073,70_74,357.466
208,2073,75_79,353.234
208,2073,80_84,297.953
208,2073,85_89,193.405
208,2073,90_94,113.06
208,2073,95_99,53.518
208,2073,100plus,11.478
208,2074,0_4,338.244
208,2074,5_9,343.639
208,2074,10_14,349.664
208,2074,15_19,354.131
208,2074,20_24,359.181
208,2074,25_29,365.932
208,2074,30_34,376.835
208,2074,35_39,389.56
208,2074,40_44,399.969
208,2074,45_49,400.793
208,2074,50_54,385.771
208,2074,55_59,362.634
208,2074,60_64,354.031
208,2074,65_69,376.399
208,2074,70_74,355.035
208,2074,75_79,350.471
208,2074,80_84,307.516
208,2074,85_89,201.485
208,2074,90_94,111.785
208,2074,95_99,52.959
208,2074,100plus,11.548
208,2075,0_4,337.709
208,2075,5_9,342.56
208,2075,10_14,349.227
208,2075,15_19,354.763
208,2075,20_24,360.679
208,2075,25_29,366.724
208,2075,30_34,376.094
208,2075,35_39,387.881
208,2075,40_44,398.881
208,2075,45_49,401.894
208,2075,50_54,389.175
208,2075,55_59,366.768
208,2075,60_64,349.968
208,2075,65_69,375.152
208,2075,70_74,354.46
208,2075,75_79,348.206
208,2075,80_84,314.486
208,2075,85_89,211.437
208,2075,90_94,114.045
208,2075,95_99,50.048
208,2075,100plus,11.651
208,2076,0_4,337.783
208,2076,5_9,342.295
208,2076,10_14,349.737
208,2076,15_19,356.546
208,2076,20_24,362.584
208,2076,25_29,367.654
208,2076,30_34,375.457
208,2076,35_39,386.545
208,2076,40_44,397.673
208,2076,45_49,402.531
208,2076,50_54,392.591
208,2076,55_59,371.335
208,2076,60_64,348.77
208,2076,65_69,370.858
208,2076,70_74,355.106
208,2076,75_79,343.754
208,2076,80_84,315.597
208,2076,85_89,219.211
208,2076,90_94,117.905
208,2076,95_99,50.068
208,2076,100plus,11.83
208,2077,0_4,337.648
208,2077,5_9,341.911
208,2077,10_14,349.674
208,2077,15_19,357.931
208,2077,20_24,364.494
208,2077,25_29,369.048
208,2077,30_34,375.15
208,2077,35_39,385.264
208,2077,40_44,396.357
208,2077,45_49,402.554
208,2077,50_54,395.52
208,2077,55_59,375.756
208,2077,60_64,350.714
208,2077,65_69,363.551
208,2077,70_74,358.348
208,2077,75_79,339.603
208,2077,80_84,314.888
208,2077,85_89,228.103
208,2077,90_94,120.73
208,2077,95_99,50.34
208,2077,100plus,12.056
208,2078,0_4,337.348
208,2078,5_9,341.445
208,2078,10_14,349.056
208,2078,15_19,358.713
208,2078,20_24,366.246
208,2078,25_29,370.766
208,2078,30_34,375.193
208,2078,35_39,383.989
208,2078,40_44,394.94
208,2078,45_49,402.035
208,2078,50_54,397.851
208,2078,55_59,379.799
208,2078,60_64,354.909
208,2078,65_69,354.932
208,2078,70_74,362.391
208,2078,75_79,336.261
208,2078,80_84,313.156
208,2078,85_89,236.93
208,2078,90_94,124.308
208,2078,95_99,50.631
208,2078,100plus,12.29
208,2079,0_4,337.042
208,2079,5_9,340.876
208,2079,10_14,348.013
208,2079,15_19,358.787
208,2079,20_24,367.7
208,2079,25_29,372.605
208,2079,30_34,375.596
208,2079,35_39,382.77
208,2079,40_44,393.425
208,2079,45_49,401.131
208,2079,50_54,399.501
208,2079,55_59,383.424
208,2079,60_64,359.747
208,2079,65_69,347.808
208,2079,70_74,364.644
208,2079,75_79,334.594
208,2079,80_84,311.539
208,2079,85_89,245.294
208,2079,90_94,129.109
208,2079,95_99,50.398
208,2079,100plus,12.484
208,2080,0_4,336.858
208,2080,5_9,340.162
208,2080,10_14,346.702
208,2080,15_19,358.166
208,2080,20_24,368.704
208,2080,25_29,374.387
208,2080,30_34,376.356
208,2080,35_39,381.733
208,2080,40_44,391.813
208,2080,45_49,399.973
208,2080,50_54,400.444
208,2080,55_59,386.644
208,2080,60_64,364.139
208,2080,65_69,343.923
208,2080,70_74,363.691
208,2080,75_79,335.009
208,2080,80_84,310.636
208,2080,85_89,252.283
208,2080,90_94,136.476
208,2080,95_99,48.821
208,2080,100plus,12.605
208,2081,0_4,337.259
208,2081,5_9,340.213
208,2081,10_14,346.746
208,2081,15_19,358.656
208,2081,20_24,369.996
208,2081,25_29,376.021
208,2081,30_34,377.347
208,2081,35_39,381.325
208,2081,40_44,390.343
208,2081,45_49,398.843
208,2081,50_54,401.241
208,2081,55_59,390.168
208,2081,60_64,368.388
208,2081,65_69,342.916
208,2081,70_74,359.376
208,2081,75_79,335.376
208,2081,80_84,306.778
208,2081,85_89,253.315
208,2081,90_94,144.116
208,2081,95_99,51.21
208,2081,100plus,12.666
208,2082,0_4,337.9
208,2082,5_9,340.086
208,2082,10_14,346.537
208,2082,15_19,358.623
208,2082,20_24,371.083
208,2082,25_29,377.715
208,2082,30_34,378.701
208,2082,35_39,381.155
208,2082,40_44,388.929
208,2082,45_49,397.53
208,2082,50_54,401.32
208,2082,55_59,393.202
208,2082,60_64,372.57
208,2082,65_69,344.981
208,2082,70_74,352.338
208,2082,75_79,338.445
208,2082,80_84,303.274
208,2082,85_89,252.924
208,2082,90_94,149.561
208,2082,95_99,55.273
208,2082,100plus,12.669
208,2083,0_4,338.713
208,2083,5_9,339.854
208,2083,10_14,346.078
208,2083,15_19,358.048
208,2083,20_24,371.883
208,2083,25_29,379.424
208,2083,30_34,380.365
208,2083,35_39,381.194
208,2083,40_44,387.662
208,2083,45_49,396.105
208,2083,50_54,400.822
208,2083,55_59,395.59
208,2083,60_64,376.651
208,2083,65_69,349.187
208,2083,70_74,344.211
208,2083,75_79,342.582
208,2083,80_84,300.613
208,2083,85_89,251.744
208,2083,90_94,154.828
208,2083,95_99,58.841
208,2083,100plus,12.668
208,2084,0_4,339.511
208,2084,5_9,339.584
208,2084,10_14,345.34
208,2084,15_19,357.024
208,2084,20_24,372.281
208,2084,25_29,381.048
208,2084,30_34,382.195
208,2084,35_39,381.47
208,2084,40_44,386.602
208,2084,45_49,394.599
208,2084,50_54,399.916
208,2084,55_59,397.235
208,2084,60_64,380.577
208,2084,65_69,353.992
208,2084,70_74,337.678
208,2084,75_79,345.335
208,2084,80_84,299.767
208,2084,85_89,251.231
208,2084,90_94,160.336
208,2084,95_99,60.58
208,2084,100plus,12.738
208,2085,0_4,340.141
208,2085,5_9,339.313
208,2085,10_14,344.305
208,2085,15_19,355.641
208,2085,20_24,372.114
208,2085,25_29,382.425
208,2085,30_34,384.031
208,2085,35_39,382.02
208,2085,40_44,385.719
208,2085,45_49,393.011
208,2085,50_54,398.701
208,2085,55_59,398.106
208,2085,60_64,384.166
208,2085,65_69,358.402
208,2085,70_74,334.343
208,2085,75_79,345.242
208,2085,80_84,301.261
208,2085,85_89,252.494
208,2085,90_94,166.287
208,2085,95_99,60.102
208,2085,100plus,12.932
208,2086,0_4,341.426
208,2086,5_9,339.919
208,2086,10_14,344.523
208,2086,15_19,355.621
208,2086,20_24,372.061
208,2086,25_29,383.388
208,2086,30_34,385.671
208,2086,35_39,383.187
208,2086,40_44,385.122
208,2086,45_49,391.561
208,2086,50_54,397.681
208,2086,55_59,398.974
208,2086,60_64,387.344
208,2086,65_69,362.625
208,2086,70_74,333.327
208,2086,75_79,340.586
208,2086,80_84,301.732
208,2086,85_89,249.705
208,2086,90_94,169.582
208,2086,95_99,64.895
208,2086,100plus,13.284
208,2087,0_4,342.477
208,2087,5_9,340.57
208,2087,10_14,344.528
208,2087,15_19,355.503
208,2087,20_24,371.769
208,2087,25_29,384.301
208,2087,30_34,387.36
208,2087,35_39,384.713
208,2087,40_44,384.855
208,2087,45_49,390.192
208,2087,50_54,396.475
208,2087,55_59,399.224
208,2087,60_64,390.204
208,2087,65_69,366.897
208,2087,70_74,335.484
208,2087,75_79,333.752
208,2087,80_84,304.912
208,2087,85_89,246.975
208,2087,90_94,168.684
208,2087,95_99,70.829
208,2087,100plus,13.76
208,2088,0_4,343.332
208,2088,5_9,341.303
208,2088,10_14,344.33
208,2088,15_19,355.135
208,2088,20_24,371.256
208,2088,25_29,385.102
208,2088,30_34,389.066
208,2088,35_39,386.419
208,2088,40_44,384.947
208,2088,45_49,388.965
208,2088,50_54,395.124
208,2088,55_59,398.853
208,2088,60_64,392.699
208,2088,65_69,371.065
208,2088,70_74,339.786
208,2088,75_79,326.376
208,2088,80_84,309.113
208,2088,85_89,244.852
208,2088,90_94,167.333
208,2088,95_99,75.187
208,2088,100plus,14.352
208,2089,0_4,344.058
208,2089,5_9,342.035
208,2089,10_14,343.961
208,2089,15_19,354.405
208,2089,20_24,370.562
208,2089,25_29,385.673
208,2089,30_34,390.685
208,2089,35_39,388.123
208,2089,40_44,385.38
208,2089,45_49,387.91
208,2089,50_54,393.615
208,2089,55_59,397.967
208,2089,60_64,394.674
208,2089,65_69,375.019
208,2089,70_74,344.698
208,2089,75_79,320.932
208,2089,80_84,312.099
208,2089,85_89,244.832
208,2089,90_94,167.435
208,2089,95_99,76.684
208,2089,100plus,15.043
208,2090,0_4,344.64
208,2090,5_9,342.6
208,2090,10_14,343.457
208,2090,15_19,353.249
208,2090,20_24,369.602
208,2090,25_29,385.843
208,2090,30_34,392.082
208,2090,35_39,389.713
208,2090,40_44,386.046
208,2090,45_49,387.01
208,2090,50_54,391.928
208,2090,55_59,396.657
208,2090,60_64,395.909
208,2090,65_69,378.641
208,2090,70_74,349.249
208,2090,75_79,318.732
208,2090,80_84,312.72
208,2090,85_89,248.04
208,2090,90_94,169.819
208,2090,95_99,75.369
208,2090,100plus,15.81
208,2091,0_4,345.62
208,2091,5_9,343.875
208,2091,10_14,344.432
208,2091,15_19,353.491
208,2091,20_24,369.137
208,2091,25_29,385.568
208,2091,30_34,393.158
208,2091,35_39,391.636
208,2091,40_44,387.127
208,2091,45_49,386.541
208,2091,50_54,390.699
208,2091,55_59,395.833
208,2091,60_64,396.572
208,2091,65_69,381.942
208,2091,70_74,353.309
208,2091,75_79,317.64
208,2091,80_84,308.258
208,2091,85_89,248.984
208,2091,90_94,170.396
208,2091,95_99,77.779
208,2091,100plus,16.67
208,2092,0_4,346.579
208,2092,5_9,344.989
208,2092,10_14,345.348
208,2092,15_19,353.611
208,2092,20_24,368.807
208,2092,25_29,385.152
208,2092,30_34,394.118
208,2092,35_39,393.551
208,2092,40_44,388.606
208,2092,45_49,386.367
208,2092,50_54,389.49
208,2092,55_59,394.861
208,2092,60_64,396.74
208,2092,65_69,384.984
208,2092,70_74,357.622
208,2092,75_79,319.757
208,2092,80_84,302.203
208,2092,85_89,251.954
208,2092,90_94,168.021
208,2092,95_99,80.097
208,2092,100plus,17.581
208,2093,0_4,347.418
208,2093,5_9,345.908
208,2093,10_14,346.104
208,2093,15_19,353.475
208,2093,20_24,368.479
208,2093,25_29,384.62
208,2093,30_34,394.893
208,2093,35_39,395.272
208,2093,40_44,390.338
208,2093,45_49,386.47
208,2093,50_54,388.305
208,2093,55_59,393.609
208,2093,60_64,396.477
208,2093,65_69,387.569
208,2093,70_74,361.919
208,2093,75_79,324.104
208,2093,80_84,295.948
208,2093,85_89,255.461
208,2093,90_94,166.105
208,2093,95_99,81.435
208,2093,100plus,18.517
208,2094,0_4,348.008
208,2094,5_9,346.613
208,2094,10_14,346.588
208,2094,15_19,353.062
208,2094,20_24,368.003
208,2094,25_29,384.021
208,2094,30_34,395.382
208,2094,35_39,396.689
208,2094,40_44,392.12
208,2094,45_49,386.824
208,2094,50_54,387.162
208,2094,55_59,392.04
208,2094,60_64,395.867
208,2094,65_69,389.523
208,2094,70_74,366.027
208,2094,75_79,329.249
208,2094,80_84,291.736
208,2094,85_89,258.589
208,2094,90_94,166.389
208,2094,95_99,81.261
208,2094,100plus,19.451
208,2095,0_4,348.25
208,2095,5_9,347.101
208,2095,10_14,346.744
208,2095,15_19,352.409
208,2095,20_24,367.222
208,2095,25_29,383.348
208,2095,30_34,395.517
208,2095,35_39,397.785
208,2095,40_44,393.768
208,2095,45_49,387.409
208,2095,50_54,386.095
208,2095,55_59,390.201
208,2095,60_64,394.892
208,2095,65_69,390.772
208,2095,70_74,369.813
208,2095,75_79,334.27
208,2095,80_84,290.82
208,2095,85_89,260.624
208,2095,90_94,170.329
208,2095,95_99,79.265
208,2095,100plus,20.346
208,2096,0_4,348.854
208,2096,5_9,348.35
208,2096,10_14,348.256
208,2096,15_19,353.376
208,2096,20_24,366.983
208,2096,25_29,382.622
208,2096,30_34,395.312
208,2096,35_39,399.103
208,2096,40_44,395.566
208,2096,45_49,388.577
208,2096,50_54,385.807
208,2096,55_59,389.129
208,2096,60_64,393.842
208,2096,65_69,391.569
208,2096,70_74,372.972
208,2096,75_79,337.763
208,2096,80_84,290.028
208,2096,85_89,256.736
208,2096,90_94,173.349
208,2096,95_99,80.154
208,2096,100plus,21.21
208,2097,0_4,349.234
208,2097,5_9,349.33
208,2097,10_14,349.487
208,2097,15_19,354.348
208,2097,20_24,366.808
208,2097,25_29,382.076
208,2097,30_34,394.855
208,2097,35_39,400.196
208,2097,40_44,397.346
208,2097,45_49,390.057
208,2097,50_54,385.696
208,2097,55_59,388.055
208,2097,60_64,392.7
208,2097,65_69,391.869
208,2097,70_74,376.017
208,2097,75_79,341.787
208,2097,80_84,292.279
208,2097,85_89,251.67
208,2097,90_94,174.768
208,2097,95_99,81.836
208,2097,100plus,21.959
208,2098,0_4,349.372
208,2098,5_9,350.05
208,2098,10_14,350.406
208,2098,15_19,355.132
208,2098,20_24,366.668
208,2098,25_29,381.686
208,2098,30_34,394.25
208,2098,35_39,400.943
208,2098,40_44,399.048
208,2098,45_49,391.752
208,2098,50_54,385.787
208,2098,55_59,386.92
208,2098,60_64,391.515
208,2098,65_69,391.69
208,2098,70_74,378.713
208,2098,75_79,346.185
208,2098,80_84,296.529
208,2098,85_89,246.641
208,2098,90_94,176.505
208,2098,95_99,83.142
208,2098,100plus,22.536
208,2099,0_4,349.252
208,2099,5_9,350.515
208,2099,10_14,350.992
208,2099,15_19,355.599
208,2099,20_24,366.557
208,2099,25_29,381.358
208,2099,30_34,393.624
208,2099,35_39,401.281
208,2099,40_44,400.593
208,2099,45_49,393.505
208,2099,50_54,386.101
208,2099,55_59,385.762
208,2099,60_64,390.275
208,2099,65_69,391.142
208,2099,70_74,380.898
208,2099,75_79,350.765
208,2099,80_84,301.637
208,2099,85_89,243.849
208,2099,90_94,179.121
208,2099,95_99,83.246
208,2099,100plus,22.877
208,2100,0_4,348.801
208,2100,5_9,350.714
208,2100,10_14,351.247
208,2100,15_19,355.7
208,2100,20_24,366.388
208,2100,25_29,380.98
208,2100,30_34,393.034
208,2100,35_39,401.242
208,2100,40_44,401.871
208,2100,45_49,395.191
208,2100,50_54,386.635
208,2100,55_59,384.659
208,2100,60_64,388.894
208,2100,65_69,390.324
208,2100,70_74,382.478
208,2100,75_79,355.261
208,2100,80_84,307.051
208,2100,85_89,245.257
208,2100,90_94,182.405
208,2100,95_99,81.866
208,2100,100plus,22.909
