un_development_group,time,gender,deaths
901,1950,1,4661.221
901,1951,1,4641.155
901,1952,1,4603.849
901,1953,1,4572.185
901,1954,1,4546.163
901,1955,1,4525.855
901,1956,1,4511.496
901,1957,1,4503.302
901,1958,1,4501.72
901,1959,1,4507.65
901,1960,1,4521.939
901,1961,1,4545.313
901,1962,1,4578.143
901,1963,1,4619.989
901,1964,1,4669.47
901,1965,1,4724.573
901,1966,1,4782.937
901,1967,1,4842.047
901,1968,1,4899.689
901,1969,1,4954.304
901,1970,1,5004.863
901,1971,1,5051.19
901,1972,1,5094.507
901,1973,1,5135.902
901,1974,1,5175.734
901,1975,1,5214.959
901,1976,1,5254.735
901,1977,1,5295.372
901,1978,1,5336.568
901,1979,1,5377.556
901,1980,1,5415.261
901,1981,1,5445.827
901,1982,1,5467.636
901,1983,1,5481.214
901,1984,1,5488.938
901,1985,1,5496.657
901,1986,1,5511.803
901,1987,1,5539.953
901,1988,1,5584.019
901,1989,1,5643.791
901,1990,1,5715.984
901,1991,1,5794.808
901,1992,1,5872.65
901,1993,1,5943.422
901,1994,1,6004.389
901,1995,1,6055.019
901,1996,1,6097.098
901,1997,1,6134.443
901,1998,1,6169.735
901,1999,1,6203.092
901,2000,1,6233.339
901,2001,1,6258.467
901,2002,1,6276.687
901,2003,1,6287.202
901,2004,1,6290.473
901,2005,1,6286.881
901,2006,1,6277.191
901,2007,1,6263.875
901,2008,1,6249.946
901,2009,1,6238.236
901,2010,1,6232.164
901,2011,1,6234.819
901,2012,1,6247.497
901,2013,1,6270.83
901,2014,1,6305.122
901,2015,1,6350.205
901,2016,1,6405.044
901,2017,1,6466.801
901,2018,1,6532.479
901,2019,1,6599.878
901,2020,1,6666.84
902,1950,1,22099.756
902,1951,1,22026.357
902,1952,1,21903.169
902,1953,1,21827.151
902,1954,1,21798.313
902,1955,1,21814.993
902,1956,1,21871.446
902,1957,1,21960.128
902,1958,1,22066.305
902,1959,1,22164.105
902,1960,1,22224.355
902,1961,1,22217.955
902,1962,1,22118.712
902,1963,1,21914.136
902,1964,1,21610.555
902,1965,1,21232.347
902,1966,1,20817.671
902,1967,1,20412.894
902,1968,1,20055.196
902,1969,1,19762.355
902,1970,1,19538.801
902,1971,1,19374.247
902,1972,1,19243.455
902,1973,1,19127.683
902,1974,1,19023.975
902,1975,1,18935.036
902,1976,1,18868.097
902,1977,1,18832.027
902,1978,1,18832.063
902,1979,1,18867.537
902,1980,1,18935.077
902,1981,1,19028.95
902,1982,1,19141.178
902,1983,1,19264.859
902,1984,1,19396.165
902,1985,1,19534.271
902,1986,1,19681.045
902,1987,1,19839.315
902,1988,1,20009.813
902,1989,1,20190.063
902,1990,1,20377.15
902,1991,1,20567.824
902,1992,1,20758.181
902,1993,1,20944.198
902,1994,1,21122.439
902,1995,1,21289.331
902,1996,1,21442.424
902,1997,1,21582.4
902,1998,1,21710.61
902,1999,1,21828.013
902,2000,1,21936.392
902,2001,1,22038.18
902,2002,1,22136.478
902,2003,1,22234.093
902,2004,1,22332.903
902,2005,1,22432.728
902,2006,1,22531.938
902,2007,1,22629.622
902,2008,1,22726.628
902,2009,1,22825.764
902,2010,1,22929.032
902,2011,1,23038.144
902,2012,1,23157.058
902,2013,1,23291.171
902,2014,1,23446.357
902,2015,1,23630.488
902,2016,1,23850.935
902,2017,1,24110.224
902,2018,1,24408.8
902,2019,1,24745.895
902,2020,1,25118.392
941,1950,1,2961.256
941,1951,1,2958.323
941,1952,1,2953.96
941,1953,1,2952.601
941,1954,1,2954.241
941,1955,1,2958.855
941,1956,1,2966.321
941,1957,1,2976.529
941,1958,1,2989.234
941,1959,1,3003.991
941,1960,1,3020.337
941,1961,1,3037.858
941,1962,1,3056.267
941,1963,1,3075.652
941,1964,1,3096.491
941,1965,1,3120.161
941,1966,1,3148.411
941,1967,1,3182.301
941,1968,1,3222.152
941,1969,1,3267.524
941,1970,1,3317.954
941,1971,1,3372.674
941,1972,1,3429.546
941,1973,1,3485.995
941,1974,1,3539.672
941,1975,1,3587.071
941,1976,1,3624.802
941,1977,1,3651.976
941,1978,1,3668.984
941,1979,1,3676.975
941,1980,1,3678.084
941,1981,1,3675.349
941,1982,1,3672.997
941,1983,1,3675.038
941,1984,1,3684.286
941,1985,1,3704.244
941,1986,1,3737.63
941,1987,1,3783.377
941,1988,1,3839.121
941,1989,1,3902.422
941,1990,1,3969.246
941,1991,1,4034.815
941,1992,1,4094.691
941,1993,1,4145.368
941,1994,1,4184.873
941,1995,1,4212.885
941,1996,1,4230.887
941,1997,1,4242.165
941,1998,1,4249.193
941,1999,1,4252.501
941,2000,1,4251.535
941,2001,1,4244.993
941,2002,1,4231.73
941,2003,1,4211.41
941,2004,1,4184.774
941,2005,1,4152.549
941,2006,1,4115.641
941,2007,1,4075.995
941,2008,1,4035.9
941,2009,1,3997.497
941,2010,1,3962.798
941,2011,1,3933.306
941,2012,1,3909.701
941,2013,1,3892.729
941,2014,1,3883.393
941,2015,1,3882.664
941,2016,1,3891.071
941,2017,1,3907.876
941,2018,1,3932.113
941,2019,1,3963.053
941,2020,1,3999.713
934,1950,1,19138.5
934,1951,1,19068.034
934,1952,1,18949.209
934,1953,1,18874.55
934,1954,1,18844.072
934,1955,1,18856.138
934,1956,1,18905.125
934,1957,1,18983.599
934,1958,1,19077.071
934,1959,1,19160.114
934,1960,1,19204.018
934,1961,1,19180.097
934,1962,1,19062.445
934,1963,1,18838.484
934,1964,1,18514.064
934,1965,1,18112.186
934,1966,1,17669.26
934,1967,1,17230.593
934,1968,1,16833.044
934,1969,1,16494.831
934,1970,1,16220.847
934,1971,1,16001.573
934,1972,1,15813.909
934,1973,1,15641.688
934,1974,1,15484.303
934,1975,1,15347.965
934,1976,1,15243.295
934,1977,1,15180.051
934,1978,1,15163.079
934,1979,1,15190.562
934,1980,1,15256.993
934,1981,1,15353.601
934,1982,1,15468.181
934,1983,1,15589.821
934,1984,1,15711.879
934,1985,1,15830.027
934,1986,1,15943.415
934,1987,1,16055.938
934,1988,1,16170.692
934,1989,1,16287.641
934,1990,1,16407.904
934,1991,1,16533.009
934,1992,1,16663.49
934,1993,1,16798.83
934,1994,1,16937.566
934,1995,1,17076.446
934,1996,1,17211.537
934,1997,1,17340.235
934,1998,1,17461.417
934,1999,1,17575.512
934,2000,1,17684.857
934,2001,1,17793.187
934,2002,1,17904.748
934,2003,1,18022.683
934,2004,1,18148.129
934,2005,1,18280.179
934,2006,1,18416.297
934,2007,1,18553.627
934,2008,1,18690.728
934,2009,1,18828.267
934,2010,1,18966.234
934,2011,1,19104.838
934,2012,1,19247.357
934,2013,1,19398.442
934,2014,1,19562.964
934,2015,1,19747.824
934,2016,1,19959.864
934,2017,1,20202.348
934,2018,1,20476.687
934,2019,1,20782.842
934,2020,1,21118.679
948,1950,1,15007.281
948,1951,1,14961.7
948,1952,1,14876.133
948,1953,1,14801.709
948,1954,1,14738.435
948,1955,1,14686.242
948,1956,1,14644.822
948,1957,1,14613.82
948,1958,1,14592.463
948,1959,1,14579.467
948,1960,1,14573.328
948,1961,1,14572.529
948,1962,1,14575.591
948,1963,1,14581.68
948,1964,1,14590.774
948,1965,1,14604.791
948,1966,1,14626.675
948,1967,1,14658.407
948,1968,1,14700.43
948,1969,1,14751.428
948,1970,1,14807.807
948,1971,1,14864.816
948,1972,1,14918.545
948,1973,1,14966.786
948,1974,1,15009.418
948,1975,1,15049.074
948,1976,1,15090.262
948,1977,1,15137.624
948,1978,1,15193.975
948,1979,1,15259.39
948,1980,1,15331.243
948,1981,1,15405.075
948,1982,1,15476.433
948,1983,1,15542.654
948,1984,1,15603.776
948,1985,1,15661.865
948,1986,1,15720.611
948,1987,1,15784.525
948,1988,1,15857.013
948,1989,1,15939.27
948,1990,1,16031.909
948,1991,1,16134.328
948,1992,1,16243.656
948,1993,1,16356.883
948,1994,1,16472.005
948,1995,1,16587.792
948,1996,1,16703.702
948,1997,1,16818.801
948,1998,1,16931.327
948,1999,1,17038.785
948,2000,1,17137.509
948,2001,1,17223.903
948,2002,1,17296.695
948,2003,1,17355.802
948,2004,1,17401.942
948,2005,1,17435.165
948,2006,1,17455.957
948,2007,1,17468.577
948,2008,1,17478.87
948,2009,1,17492.729
948,2010,1,17516.54
948,2011,1,17555.93
948,2012,1,17614.82
948,2013,1,17696.857
948,2014,1,17805.524
948,2015,1,17943.771
948,2016,1,18112.747
948,2017,1,18309.408
948,2018,1,18530.294
948,2019,1,18773.154
948,2020,1,19035.221
1636,1950,1,1449.211
1636,1951,1,1453.436
1636,1952,1,1461.817
1636,1953,1,1470.063
1636,1954,1,1478.182
1636,1955,1,1486.16
1636,1956,1,1493.988
1636,1957,1,1501.658
1636,1958,1,1509.154
1636,1959,1,1516.439
1636,1960,1,1523.492
1636,1961,1,1530.32
1636,1962,1,1536.977
1636,1963,1,1543.613
1636,1964,1,1550.457
1636,1965,1,1557.836
1636,1966,1,1566.103
1636,1967,1,1575.498
1636,1968,1,1586.179
1636,1969,1,1598.234
1636,1970,1,1611.662
1636,1971,1,1626.379
1636,1972,1,1642.098
1636,1973,1,1658.511
1636,1974,1,1675.439
1636,1975,1,1692.687
1636,1976,1,1710.141
1636,1977,1,1727.75
1636,1978,1,1745.463
1636,1979,1,1763.199
1636,1980,1,1780.215
1636,1981,1,1795.601
1636,1982,1,1809.469
1636,1983,1,1822.676
1636,1984,1,1836.564
1636,1985,1,1854.431
1636,1986,1,1880.204
1636,1987,1,1915.699
1636,1988,1,1960.916
1636,1989,1,2014.26
1636,1990,1,2072.014
1636,1991,1,2129.161
1636,1992,1,2180.61
1636,1993,1,2222.519
1636,1994,1,2253.175
1636,1995,1,2272.657
1636,1996,1,2282.913
1636,1997,1,2287.699
1636,1998,1,2289.89
1636,1999,1,2290.286
1636,2000,1,2288.791
1636,2001,1,2284.485
1636,2002,1,2275.934
1636,2003,1,2262.222
1636,2004,1,2243.415
1636,2005,1,2219.268
1636,2006,1,2189.616
1636,2007,1,2155.538
1636,2008,1,2118.664
1636,2009,1,2080.755
1636,2010,1,2043.897
1636,2011,1,2010.092
1636,2012,1,1980.789
1636,2013,1,1957.244
1636,2014,1,1940.452
1636,2015,1,1931.092
1636,2016,1,1929.19
1636,2017,1,1933.505
1636,2018,1,1942.755
1636,2019,1,1956.198
1636,2020,1,1973.031
1637,1950,1,233.961
1637,1951,1,231.778
1637,1952,1,227.695
1637,1953,1,224.176
1637,1954,1,221.21
1637,1955,1,218.799
1637,1956,1,216.908
1637,1957,1,215.529
1637,1958,1,214.578
1637,1959,1,213.972
1637,1960,1,213.565
1637,1961,1,213.238
1637,1962,1,212.853
1637,1963,1,212.304
1637,1964,1,211.531
1637,1965,1,210.534
1637,1966,1,209.359
1637,1967,1,208.127
1637,1968,1,206.96
1637,1969,1,205.913
1637,1970,1,205.014
1637,1971,1,204.28
1637,1972,1,203.701
1637,1973,1,203.289
1637,1974,1,203.064
1637,1975,1,203.086
1637,1976,1,203.382
1637,1977,1,203.979
1637,1978,1,204.862
1637,1979,1,206.021
1637,1980,1,207.428
1637,1981,1,209.039
1637,1982,1,210.807
1637,1983,1,212.675
1637,1984,1,214.602
1637,1985,1,216.556
1637,1986,1,218.545
1637,1987,1,220.58
1637,1988,1,222.643
1637,1989,1,224.713
1637,1990,1,226.758
1637,1991,1,228.732
1637,1992,1,230.631
1637,1993,1,232.438
1637,1994,1,234.139
1637,1995,1,235.741
1637,1996,1,237.267
1637,1997,1,238.739
1637,1998,1,240.186
1637,1999,1,241.607
1637,2000,1,242.98
1637,2001,1,244.254
1637,2002,1,245.425
1637,2003,1,246.51
1637,2004,1,247.554
1637,2005,1,248.656
1637,2006,1,249.914
1637,2007,1,251.409
1637,2008,1,253.19
1637,2009,1,255.27
1637,2010,1,257.623
1637,2011,1,260.154
1637,2012,1,262.78
1637,2013,1,265.436
1637,2014,1,268.116
1637,2015,1,270.858
1637,2016,1,273.728
1637,2017,1,276.79
1637,2018,1,280.105
1637,2019,1,283.68
1637,2020,1,287.52
901,2021,1,6731.738
901,2022,1,6793.998
901,2023,1,6853.118
901,2024,1,6908.365
901,2025,1,6959.122
901,2026,1,7005.25
901,2027,1,7047.797
901,2028,1,7088.018
901,2029,1,7126.854
901,2030,1,7165.75
901,2031,1,7206.23
901,2032,1,7249.074
901,2033,1,7294.614
901,2034,1,7342.787
901,2035,1,7393.066
901,2036,1,7444.482
901,2037,1,7495.476
901,2038,1,7544.611
901,2039,1,7591.006
901,2040,1,7633.997
901,2041,1,7673.325
901,2042,1,7709.321
901,2043,1,7742.229
901,2044,1,7771.971
901,2045,1,7798.484
901,2046,1,7821.77
901,2047,1,7842.014
901,2048,1,7859.389
901,2049,1,7874.057
901,2050,1,7886.189
901,2051,1,7895.919
901,2052,1,7903.375
901,2053,1,7908.625
901,2054,1,7911.775
901,2055,1,7912.814
901,2056,1,7911.686
901,2057,1,7908.297
901,2058,1,7902.652
901,2059,1,7894.821
901,2060,1,7884.803
901,2061,1,7872.564
901,2062,1,7858.241
901,2063,1,7842.109
901,2064,1,7824.483
901,2065,1,7805.75
901,2066,1,7786.261
901,2067,1,7766.297
901,2068,1,7746.11
901,2069,1,7725.909
901,2070,1,7705.765
901,2071,1,7685.638
901,2072,1,7665.319
901,2073,1,7644.689
901,2074,1,7623.747
901,2075,1,7602.592
901,2076,1,7581.349
901,2077,1,7560.093
901,2078,1,7538.83
901,2079,1,7517.498
901,2080,1,7495.862
901,2081,1,7473.607
901,2082,1,7450.559
901,2083,1,7426.745
901,2084,1,7402.302
901,2085,1,7377.451
901,2086,1,7352.457
901,2087,1,7327.771
901,2088,1,7303.883
901,2089,1,7281.188
901,2090,1,7260.008
901,2091,1,7240.563
901,2092,1,7222.984
901,2093,1,7207.343
901,2094,1,7193.667
901,2095,1,7181.989
901,2096,1,7172.329
901,2097,1,7164.687
901,2098,1,7159.058
901,2099,1,7155.434
902,2021,1,25520.988
902,2022,1,25945.833
902,2023,1,26385.865
902,2024,1,26836.761
902,2025,1,27295.856
902,2026,1,27762.709
902,2027,1,28239.458
902,2028,1,28727.465
902,2029,1,29226.025
902,2030,1,29735.209
902,2031,1,30255.444
902,2032,1,30786.441
902,2033,1,31327.113
902,2034,1,31875.696
902,2035,1,32430.593
902,2036,1,32990.34
902,2037,1,33553.11
902,2038,1,34116.748
902,2039,1,34679.027
902,2040,1,35237.982
902,2041,1,35792.365
902,2042,1,36341.926
902,2043,1,36886.292
902,2044,1,37424.609
902,2045,1,37956.521
902,2046,1,38482.155
902,2047,1,39002.048
902,2048,1,39516.513
902,2049,1,40025.252
902,2050,1,40527.875
902,2051,1,41023.927
902,2052,1,41513.028
902,2053,1,41994.921
902,2054,1,42469.453
902,2055,1,42936.65
902,2056,1,43396.661
902,2057,1,43849.841
902,2058,1,44296.474
902,2059,1,44736.661
902,2060,1,45170.377
902,2061,1,45597.508
902,2062,1,46017.952
902,2063,1,46431.754
902,2064,1,46839.057
902,2065,1,47240.264
902,2066,1,47635.872
902,2067,1,48026.103
902,2068,1,48410.98
902,2069,1,48790.355
902,2070,1,49164.424
902,2071,1,49533.411
902,2072,1,49896.68
902,2073,1,50253.052
902,2074,1,50601.152
902,2075,1,50939.408
902,2076,1,51266.332
902,2077,1,51580.655
902,2078,1,51881.128
902,2079,1,52166.687
902,2080,1,52436.099
902,2081,1,52688.495
902,2082,1,52924.572
902,2083,1,53145.547
902,2084,1,53352.531
902,2085,1,53546.516
902,2086,1,53728.471
902,2087,1,53900.098
902,2088,1,54063.517
902,2089,1,54220.87
902,2090,1,54374.026
902,2091,1,54524.483
902,2092,1,54673.237
902,2093,1,54821.029
902,2094,1,54968.308
902,2095,1,55115.404
902,2096,1,55262.535
902,2097,1,55409.726
902,2098,1,55556.967
902,2099,1,55704.252
941,2021,1,4041.034
941,2022,1,4085.97
941,2023,1,4133.589
941,2024,1,4183.189
941,2025,1,4234.346
941,2026,1,4287.039
941,2027,1,4341.801
941,2028,1,4399.076
941,2029,1,4458.942
941,2030,1,4521.476
941,2031,1,4586.733
941,2032,1,4654.77
941,2033,1,4725.663
941,2034,1,4799.474
941,2035,1,4876.289
941,2036,1,4956.15
941,2037,1,5039.062
941,2038,1,5125.015
941,2039,1,5214.024
941,2040,1,5306.085
941,2041,1,5401.184
941,2042,1,5499.279
941,2043,1,5600.324
941,2044,1,5704.276
941,2045,1,5811.115
941,2046,1,5920.838
941,2047,1,6033.414
941,2048,1,6148.818
941,2049,1,6266.991
941,2050,1,6387.884
941,2051,1,6511.449
941,2052,1,6637.654
941,2053,1,6766.461
941,2054,1,6897.848
941,2055,1,7031.82
941,2056,1,7168.412
941,2057,1,7307.644
941,2058,1,7449.495
941,2059,1,7593.905
941,2060,1,7740.842
941,2061,1,7890.29
941,2062,1,8042.158
941,2063,1,8196.318
941,2064,1,8352.619
941,2065,1,8510.963
941,2066,1,8671.285
941,2067,1,8833.487
941,2068,1,8997.426
941,2069,1,9162.91
941,2070,1,9329.816
941,2071,1,9498.065
941,2072,1,9667.576
941,2073,1,9838.199
941,2074,1,10009.74
941,2075,1,10182.129
941,2076,1,10355.379
941,2077,1,10529.406
941,2078,1,10703.967
941,2079,1,10878.734
941,2080,1,11053.373
941,2081,1,11227.577
941,2082,1,11401.075
941,2083,1,11573.558
941,2084,1,11744.716
941,2085,1,11914.382
941,2086,1,12082.523
941,2087,1,12249.196
941,2088,1,12414.34
941,2089,1,12577.739
941,2090,1,12739.162
941,2091,1,12898.42
941,2092,1,13055.328
941,2093,1,13209.757
941,2094,1,13361.61
941,2095,1,13510.824
941,2096,1,13657.356
941,2097,1,13801.204
941,2098,1,13942.351
941,2099,1,14080.805
934,2021,1,21479.954
934,2022,1,21859.863
934,2023,1,22252.276
934,2024,1,22653.572
934,2025,1,23061.51
934,2026,1,23475.67
934,2027,1,23897.657
934,2028,1,24328.389
934,2029,1,24767.083
934,2030,1,25213.733
934,2031,1,25668.711
934,2032,1,26131.671
934,2033,1,26601.45
934,2034,1,27076.222
934,2035,1,27554.304
934,2036,1,28034.19
934,2037,1,28514.048
934,2038,1,28991.733
934,2039,1,29465.003
934,2040,1,29931.897
934,2041,1,30391.181
934,2042,1,30842.647
934,2043,1,31285.968
934,2044,1,31720.333
934,2045,1,32145.406
934,2046,1,32561.317
934,2047,1,32968.634
934,2048,1,33367.695
934,2049,1,33758.261
934,2050,1,34139.991
934,2051,1,34512.478
934,2052,1,34875.374
934,2053,1,35228.46
934,2054,1,35571.605
934,2055,1,35904.83
934,2056,1,36228.249
934,2057,1,36542.197
934,2058,1,36846.979
934,2059,1,37142.756
934,2060,1,37429.535
934,2061,1,37707.218
934,2062,1,37975.794
934,2063,1,38235.436
934,2064,1,38486.438
934,2065,1,38729.301
934,2066,1,38964.587
934,2067,1,39192.616
934,2068,1,39413.554
934,2069,1,39627.445
934,2070,1,39834.608
934,2071,1,40035.346
934,2072,1,40229.104
934,2073,1,40414.853
934,2074,1,40591.412
934,2075,1,40757.279
934,2076,1,40910.953
934,2077,1,41051.249
934,2078,1,41177.161
934,2079,1,41287.953
934,2080,1,41382.726
934,2081,1,41460.918
934,2082,1,41523.497
934,2083,1,41571.989
934,2084,1,41607.815
934,2085,1,41632.134
934,2086,1,41645.948
934,2087,1,41650.902
934,2088,1,41649.177
934,2089,1,41643.131
934,2090,1,41634.864
934,2091,1,41626.063
934,2092,1,41617.909
934,2093,1,41611.272
934,2094,1,41606.698
934,2095,1,41604.58
934,2096,1,41605.179
934,2097,1,41608.522
934,2098,1,41614.616
934,2099,1,41623.447
948,2021,1,19313.645
948,2022,1,19605.726
948,2023,1,19908.944
948,2024,1,20221.234
948,2025,1,20541.378
948,2026,1,20869.284
948,2027,1,21206.227
948,2028,1,21553.119
948,2029,1,21909.825
948,2030,1,22276.611
948,2031,1,22653.858
948,2032,1,23041.457
948,2033,1,23438.88
948,2034,1,23845.249
948,2035,1,24259.731
948,2036,1,24681.488
948,2037,1,25109.444
948,2038,1,25542.405
948,2039,1,25979.212
948,2040,1,26418.909
948,2041,1,26860.966
948,2042,1,27305.33
948,2043,1,27751.806
948,2044,1,28199.868
948,2045,1,28649.267
948,2046,1,29099.975
948,2047,1,29552.082
948,2048,1,30005.556
948,2049,1,30460.016
948,2050,1,30915.095
948,2051,1,31370.433
948,2052,1,31825.761
948,2053,1,32280.858
948,2054,1,32735.517
948,2055,1,33190.002
948,2056,1,33644.779
948,2057,1,34100.037
948,2058,1,34555.532
948,2059,1,35010.629
948,2060,1,35464.656
948,2061,1,35916.913
948,2062,1,36366.396
948,2063,1,36812.021
948,2064,1,37252.759
948,2065,1,37687.902
948,2066,1,38117.131
948,2067,1,38540.364
948,2068,1,38957.314
948,2069,1,39367.371
948,2070,1,39770.034
948,2071,1,40164.988
948,2072,1,40552.073
948,2073,1,40930.994
948,2074,1,41301.323
948,2075,1,41662.628
948,2076,1,42014.603
948,2077,1,42357.228
948,2078,1,42690.48
948,2079,1,43014.336
948,2080,1,43328.668
948,2081,1,43633.357
948,2082,1,43928.675
948,2083,1,44215.116
948,2084,1,44493.194
948,2085,1,44763.671
948,2086,1,45027.335
948,2087,1,45284.661
948,2088,1,45535.935
948,2089,1,45781.262
948,2090,1,46020.391
948,2091,1,46252.911
948,2092,1,46478.283
948,2093,1,46696.02
948,2094,1,46905.678
948,2095,1,47107.009
948,2096,1,47299.879
948,2097,1,47484.196
948,2098,1,47659.926
948,2099,1,47827.065
1636,2021,1,1992.531
1636,2022,1,2014.162
1636,2023,1,2037.415
1636,2024,1,2061.792
1636,2025,1,2087.021
1636,2026,1,2113.108
1636,2027,1,2140.395
1636,2028,1,2169.124
1636,2029,1,2199.287
1636,2030,1,2230.871
1636,2031,1,2263.846
1636,2032,1,2298.192
1636,2033,1,2333.868
1636,2034,1,2370.836
1636,2035,1,2409.078
1636,2036,1,2448.582
1636,2037,1,2489.341
1636,2038,1,2531.339
1636,2039,1,2574.558
1636,2040,1,2618.966
1636,2041,1,2664.52
1636,2042,1,2711.215
1636,2043,1,2759.071
1636,2044,1,2808.11
1636,2045,1,2858.366
1636,2046,1,2909.882
1636,2047,1,2962.714
1636,2048,1,3016.913
1636,2049,1,3072.514
1636,2050,1,3129.54
1636,2051,1,3187.998
1636,2052,1,3247.869
1636,2053,1,3309.146
1636,2054,1,3371.848
1636,2055,1,3436.007
1636,2056,1,3501.673
1636,2057,1,3568.847
1636,2058,1,3637.515
1636,2059,1,3707.627
1636,2060,1,3779.171
1636,2061,1,3852.133
1636,2062,1,3926.436
1636,2063,1,4001.958
1636,2064,1,4078.558
1636,2065,1,4156.142
1636,2066,1,4234.634
1636,2067,1,4313.941
1636,2068,1,4393.917
1636,2069,1,4474.405
1636,2070,1,4555.26
1636,2071,1,4636.396
1636,2072,1,4717.741
1636,2073,1,4799.211
1636,2074,1,4880.682
1636,2075,1,4962.078
1636,2076,1,5043.382
1636,2077,1,5124.587
1636,2078,1,5205.625
1636,2079,1,5286.384
1636,2080,1,5366.733
1636,2081,1,5446.572
1636,2082,1,5525.817
1636,2083,1,5604.398
1636,2084,1,5682.255
1636,2085,1,5759.374
1636,2086,1,5835.784
1636,2087,1,5911.546
1636,2088,1,5986.673
1636,2089,1,6061.122
1636,2090,1,6134.832
1636,2091,1,6207.733
1636,2092,1,6279.754
1636,2093,1,6350.844
1636,2094,1,6420.953
1636,2095,1,6490.058
1636,2096,1,6558.134
1636,2097,1,6625.181
1636,2098,1,6691.199
1636,2099,1,6756.18
1637,2021,1,291.592
1637,2022,1,295.846
1637,2023,1,300.225
1637,2024,1,304.7
1637,2025,1,309.248
1637,2026,1,313.833
1637,2027,1,318.465
1637,2028,1,323.155
1637,2029,1,327.912
1637,2030,1,332.753
1637,2031,1,337.727
1637,2032,1,342.841
1637,2033,1,348.129
1637,2034,1,353.567
1637,2035,1,359.16
1637,2036,1,364.88
1637,2037,1,370.684
1637,2038,1,376.546
1637,2039,1,382.43
1637,2040,1,388.303
1637,2041,1,394.165
1637,2042,1,400.007
1637,2043,1,405.824
1637,2044,1,411.585
1637,2045,1,417.277
1637,2046,1,422.887
1637,2047,1,428.405
1637,2048,1,433.83
1637,2049,1,439.126
1637,2050,1,444.288
1637,2051,1,449.286
1637,2052,1,454.121
1637,2053,1,458.797
1637,2054,1,463.304
1637,2055,1,467.648
1637,2056,1,471.835
1637,2057,1,475.875
1637,2058,1,479.781
1637,2059,1,483.563
1637,2060,1,487.218
1637,2061,1,490.749
1637,2062,1,494.149
1637,2063,1,497.435
1637,2064,1,500.605
1637,2065,1,503.683
1637,2066,1,506.682
1637,2067,1,509.614
1637,2068,1,512.49
1637,2069,1,515.33
1637,2070,1,518.13
1637,2071,1,520.897
1637,2072,1,523.627
1637,2073,1,526.312
1637,2074,1,528.955
1637,2075,1,531.573
1637,2076,1,534.188
1637,2077,1,536.798
1637,2078,1,539.39
1637,2079,1,541.946
1637,2080,1,544.46
1637,2081,1,546.905
1637,2082,1,549.239
1637,2083,1,551.443
1637,2084,1,553.493
1637,2085,1,555.348
1637,2086,1,557.006
1637,2087,1,558.451
1637,2088,1,559.695
1637,2089,1,560.739
1637,2090,1,561.574
1637,2091,1,562.243
1637,2092,1,562.727
1637,2093,1,563.061
1637,2094,1,563.236
1637,2095,1,563.274
1637,2096,1,563.169
1637,2097,1,562.93
1637,2098,1,562.552
1637,2099,1,562.038
901,1950,2,4369.641
901,1951,2,4342.167
901,1952,2,4290.838
901,1953,2,4246.754
901,1954,2,4209.911
901,1955,2,4180.35
901,1956,2,4158.182
901,1957,2,4143.463
901,1958,2,4136.348
901,1959,2,4137.172
901,1960,2,4146.207
901,1961,2,4163.589
901,1962,2,4189.199
901,1963,2,4222.442
901,1964,2,4262.209
901,1965,2,4307.354
901,1966,2,4356.715
901,1967,2,4408.863
901,1968,2,4462.215
901,1969,2,4515.292
901,1970,2,4566.325
901,1971,2,4613.892
901,1972,2,4658.054
901,1973,2,4699.359
901,1974,2,4738.392
901,1975,2,4776.842
901,1976,2,4816.959
901,1977,2,4860.526
901,1978,2,4908.493
901,1979,2,4960.782
901,1980,2,5016.039
901,1981,2,5072.01
901,1982,2,5126.42
901,1983,2,5177.833
901,1984,2,5226.098
901,1985,2,5272.323
901,1986,2,5318.475
901,1987,2,5366.702
901,1988,2,5418.36
901,1989,2,5473.507
901,1990,2,5531.81
901,1991,2,5592.335
901,1992,2,5653.091
901,1993,2,5712.103
901,1994,2,5768.008
901,1995,2,5819.631
901,1996,2,5866.263
901,1997,2,5907.832
901,1998,2,5944.188
901,1999,2,5974.866
901,2000,2,5998.699
901,2001,2,6014.513
901,2002,2,6022.707
901,2003,2,6024.558
901,2004,2,6021.779
901,2005,2,6016.67
901,2006,2,6011.721
901,2007,2,6009.402
901,2008,2,6011.909
901,2009,2,6020.894
901,2010,2,6037.419
901,2011,2,6061.626
901,2012,2,6092.255
901,2013,2,6128.167
901,2014,2,6169.04
901,2015,2,6215.067
901,2016,2,6266.619
901,2017,2,6323.329
901,2018,2,6384.253
901,2019,2,6448.033
901,2020,2,6512.76
902,1950,2,20214.177
902,1951,2,20127.604
902,1952,2,19980.867
902,1953,2,19886.993
902,1954,2,19845.976
902,1955,2,19856.04
902,1956,2,19911.102
902,1957,2,20003.138
902,1958,2,20116.528
902,1959,2,20223.812
902,1960,2,20294.045
902,1961,2,20296.405
902,1962,2,20203.241
902,1963,2,20001.481
902,1964,2,19698.17
902,1965,2,19321.113
902,1966,2,18913.267
902,1967,2,18523.971
902,1968,2,18190.997
902,1969,2,17930.311
902,1970,2,17742.328
902,1971,2,17611.249
902,1972,2,17505.681
902,1973,2,17401.745
902,1974,2,17293.684
902,1975,2,17181.183
902,1976,2,17069.956
902,1977,2,16972.431
902,1978,2,16898.755
902,1979,2,16852.498
902,1980,2,16837.799
902,1981,2,16857.216
902,1982,2,16907.175
902,1983,2,16982.344
902,1984,2,17077.845
902,1985,2,17186.76
902,1986,2,17301.704
902,1987,2,17416.631
902,1988,2,17526.78
902,1989,2,17629.194
902,1990,2,17722.842
902,1991,2,17809.33
902,1992,2,17893.795
902,1993,2,17980.792
902,1994,2,18072.297
902,1995,2,18171.944
902,1996,2,18283.262
902,1997,2,18405.845
902,1998,2,18537.207
902,1999,2,18673.857
902,2000,2,18809.918
902,2001,2,18938.441
902,2002,2,19053.395
902,2003,2,19150.261
902,2004,2,19226.824
902,2005,2,19279.832
902,2006,2,19307.499
902,2007,2,19315.347
902,2008,2,19311.412
902,2009,2,19303.537
902,2010,2,19300.321
902,2011,2,19309.955
902,2012,2,19340.035
902,2013,2,19398.265
902,2014,2,19491.673
902,2015,2,19627.221
902,2016,2,19809.254
902,2017,2,20034.815
902,2018,2,20299.611
902,2019,2,20600.576
902,2020,2,20932.8
941,1950,2,2760.77
941,1951,2,2758.535
941,1952,2,2755.331
941,1953,2,2754.655
941,1954,2,2756.509
941,1955,2,2760.866
941,1956,2,2767.633
941,1957,2,2776.733
941,1958,2,2787.987
941,1959,2,2801.056
941,1960,2,2815.61
941,1961,2,2831.367
941,1962,2,2848.163
941,1963,2,2866.144
941,1964,2,2885.782
941,1965,2,2908.565
941,1966,2,2936.338
941,1967,2,2969.966
941,1968,2,3009.389
941,1969,2,3053.735
941,1970,2,3101.426
941,1971,2,3150.429
941,1972,2,3198.205
941,1973,2,3242.453
941,1974,2,3281.63
941,1975,2,3314.15
941,1976,2,3339.072
941,1977,2,3357.341
941,1978,2,3370.325
941,1979,2,3379.089
941,1980,2,3384.733
941,1981,2,3388.412
941,1982,2,3391.859
941,1983,2,3397.067
941,1984,2,3405.896
941,1985,2,3421.247
941,1986,2,3445.851
941,1987,2,3479.865
941,1988,2,3522.197
941,1989,2,3571.167
941,1990,2,3623.552
941,1991,2,3675.302
941,1992,2,3722.492
941,1993,2,3762.098
941,1994,2,3792.589
941,1995,2,3814.115
941,1996,2,3828.416
941,1997,2,3838.385
941,1998,2,3845.952
941,1999,2,3851.194
941,2000,2,3852.974
941,2001,2,3849.362
941,2002,2,3838.633
941,2003,2,3819.937
941,2004,2,3793.62
941,2005,2,3760.155
941,2006,2,3720.43
941,2007,2,3676.716
941,2008,2,3631.602
941,2009,2,3587.315
941,2010,2,3545.967
941,2011,2,3509.13
941,2012,2,3477.576
941,2013,2,3452.145
941,2014,2,3433.937
941,2015,2,3424.035
941,2016,2,3423.033
941,2017,2,3430.21
941,2018,2,3444.573
941,2019,2,3465.377
941,2020,2,3491.597
934,1950,2,17453.407
934,1951,2,17369.069
934,1952,2,17225.536
934,1953,2,17132.338
934,1954,2,17089.467
934,1955,2,17095.174
934,1956,2,17143.469
934,1957,2,17226.405
934,1958,2,17328.541
934,1959,2,17422.756
934,1960,2,17478.435
934,1961,2,17465.038
934,1962,2,17355.078
934,1963,2,17135.337
934,1964,2,16812.388
934,1965,2,16412.548
934,1966,2,15976.929
934,1967,2,15554.005
934,1968,2,15181.608
934,1969,2,14876.576
934,1970,2,14640.902
934,1971,2,14460.82
934,1972,2,14307.476
934,1973,2,14159.292
934,1974,2,14012.054
934,1975,2,13867.033
934,1976,2,13730.884
934,1977,2,13615.09
934,1978,2,13528.43
934,1979,2,13473.409
934,1980,2,13453.066
934,1981,2,13468.804
934,1982,2,13515.316
934,1983,2,13585.277
934,1984,2,13671.949
934,1985,2,13765.513
934,1986,2,13855.853
934,1987,2,13936.766
934,1988,2,14004.583
934,1989,2,14058.027
934,1990,2,14099.29
934,1991,2,14134.028
934,1992,2,14171.303
934,1993,2,14218.694
934,1994,2,14279.708
934,1995,2,14357.829
934,1996,2,14454.846
934,1997,2,14567.46
934,1998,2,14691.255
934,1999,2,14822.663
934,2000,2,14956.944
934,2001,2,15089.079
934,2002,2,15214.762
934,2003,2,15330.324
934,2004,2,15433.204
934,2005,2,15519.677
934,2006,2,15587.069
934,2007,2,15638.631
934,2008,2,15679.81
934,2009,2,15716.222
934,2010,2,15754.354
934,2011,2,15800.825
934,2012,2,15862.459
934,2013,2,15946.12
934,2014,2,16057.736
934,2015,2,16203.186
934,2016,2,16386.221
934,2017,2,16604.605
934,2018,2,16855.038
934,2019,2,17135.199
934,2020,2,17441.203
948,1950,2,13849.786
948,1951,2,13820.744
948,1952,2,13766.217
948,1953,2,13718.842
948,1954,2,13678.615
948,1955,2,13645.449
948,1956,2,13619.047
948,1957,2,13599.04
948,1958,2,13584.659
948,1959,2,13574.611
948,1960,2,13567.395
948,1961,2,13561.547
948,1962,2,13555.731
948,1963,2,13549.301
948,1964,2,13542.583
948,1965,2,13538.045
948,1966,2,13539.28
948,1967,2,13548.531
948,1968,2,13566.218
948,1969,2,13590.853
948,1970,2,13618.244
948,1971,2,13642.793
948,1972,2,13659.857
948,1973,2,13666.705
948,1974,2,13663.125
948,1975,2,13650.632
948,1976,2,13632.503
948,1977,2,13614.239
948,1978,2,13600.811
948,1979,2,13595.086
948,1980,2,13599.588
948,1981,2,13615.647
948,1982,2,13642.006
948,1983,2,13677.223
948,1984,2,13720.63
948,1985,2,13771.001
948,1986,2,13826.809
948,1987,2,13886.323
948,1988,2,13948.058
948,1989,2,14011.115
948,1990,2,14074.96
948,1991,2,14139.694
948,1992,2,14206.168
948,1993,2,14275.116
948,1994,2,14346.717
948,1995,2,14422.722
948,1996,2,14505.339
948,1997,2,14594.472
948,1998,2,14688.305
948,1999,2,14783.824
948,2000,2,14876.082
948,2001,2,14959.408
948,2002,2,15029.409
948,2003,2,15083.047
948,2004,2,15119.074
948,2005,2,15135.388
948,2006,2,15131.007
948,2007,2,15110.849
948,2008,2,15081.914
948,2009,2,15051.059
948,2010,2,15026.513
948,2011,2,15016.242
948,2012,2,15026.257
948,2013,2,15061.772
948,2014,2,15126.937
948,2015,2,15224.654
948,2016,2,15355.25
948,2017,2,15513.887
948,2018,2,15695.534
948,2019,2,15897.217
948,2020,2,16115.527
1636,1950,2,1308.255
1636,1951,2,1312.392
1636,1952,2,1320.668
1636,1953,2,1328.942
1636,1954,2,1337.205
1636,1955,2,1345.464
1636,1956,2,1353.698
1636,1957,2,1361.906
1636,1958,2,1370.08
1636,1959,2,1378.186
1636,1960,2,1386.212
1636,1961,2,1394.162
1636,1962,2,1402.075
1636,1963,2,1410.053
1636,1964,2,1418.264
1636,1965,2,1426.952
1636,1966,2,1436.376
1636,1967,2,1446.726
1636,1968,2,1458.088
1636,1969,2,1470.523
1636,1970,2,1484.019
1636,1971,2,1498.488
1636,1972,2,1513.708
1636,1973,2,1529.44
1636,1974,2,1545.521
1636,1975,2,1561.848
1636,1976,2,1578.355
1636,1977,2,1595.017
1636,1978,2,1611.754
1636,1979,2,1628.438
1636,1980,2,1644.378
1636,1981,2,1658.75
1636,1982,2,1671.556
1636,1983,2,1683.387
1636,1984,2,1695.257
1636,1985,2,1709.732
1636,1986,2,1729.9
1636,1987,2,1757.271
1636,1988,2,1791.929
1636,1989,2,1832.688
1636,1990,2,1876.576
1636,1991,2,1919.565
1636,1992,2,1957.701
1636,1993,2,1988.14
1636,1994,2,2009.788
1636,1995,2,2023.275
1636,1996,2,2030.781
1636,1997,2,2035.516
1636,1998,2,2039.725
1636,1999,2,2043.774
1636,2000,2,2046.96
1636,2001,2,2047.718
1636,2002,2,2044.091
1636,2003,2,2034.732
1636,2004,2,2019.45
1636,2005,2,1998.018
1636,2006,2,1970.573
1636,2007,2,1938.622
1636,2008,2,1904.028
1636,2009,2,1868.457
1636,2010,2,1833.728
1636,2011,2,1801.441
1636,2012,2,1772.687
1636,2013,2,1748.457
1636,2014,2,1729.671
1636,2015,2,1717.044
1636,2016,2,1710.772
1636,2017,2,1709.942
1636,2018,2,1713.593
1636,2019,2,1721.126
1636,2020,2,1731.839
1637,1950,2,205.311
1637,1951,2,203.708
1637,1952,2,200.661
1637,1953,2,197.95
1637,1954,2,195.563
1637,1955,2,193.516
1637,1956,2,191.772
1637,1957,2,190.337
1637,1958,2,189.162
1637,1959,2,188.199
1637,1960,2,187.373
1637,1961,2,186.613
1637,1962,2,185.856
1637,1963,2,185.02
1637,1964,2,184.096
1637,1965,2,183.056
1637,1966,2,181.933
1637,1967,2,180.787
1637,1968,2,179.687
1637,1969,2,178.658
1637,1970,2,177.722
1637,1971,2,176.892
1637,1972,2,176.156
1637,1973,2,175.539
1637,1974,2,175.08
1637,1975,2,174.845
1637,1976,2,174.908
1637,1977,2,175.29
1637,1978,2,175.993
1637,1979,2,176.993
1637,1980,2,178.232
1637,1981,2,179.645
1637,1982,2,181.135
1637,1983,2,182.637
1637,1984,2,184.115
1637,1985,2,185.549
1637,1986,2,186.98
1637,1987,2,188.435
1637,1988,2,189.952
1637,1989,2,191.517
1637,1990,2,193.071
1637,1991,2,194.582
1637,1992,2,195.997
1637,1993,2,197.31
1637,1994,2,198.53
1637,1995,2,199.706
1637,1996,2,200.918
1637,1997,2,202.224
1637,1998,2,203.658
1637,1999,2,205.204
1637,2000,2,206.812
1637,2001,2,208.37
1637,2002,2,209.799
1637,2003,2,211.068
1637,2004,2,212.205
1637,2005,2,213.28
1637,2006,2,214.41
1637,2007,2,215.711
1637,2008,2,217.261
1637,2009,2,219.087
1637,2010,2,221.155
1637,2011,2,223.405
1637,2012,2,225.713
1637,2013,2,228.046
1637,2014,2,230.387
1637,2015,2,232.777
1637,2016,2,235.263
1637,2017,2,237.93
1637,2018,2,240.831
1637,2019,2,243.988
1637,2020,2,247.396
901,2021,2,6576.402
901,2022,2,6637.593
901,2023,2,6695.41
901,2024,2,6749.413
901,2025,2,6799.502
901,2026,2,6846.189
901,2027,2,6891.152
901,2028,2,6936.157
901,2029,2,6982.409
901,2030,2,7031.504
901,2031,2,7084.906
901,2032,2,7142.945
901,2033,2,7205.47
901,2034,2,7272.108
901,2035,2,7342.271
901,2036,2,7415.035
901,2037,2,7488.658
901,2038,2,7561.289
901,2039,2,7631.438
901,2040,2,7697.768
901,2041,2,7759.424
901,2042,2,7816.201
901,2043,2,7867.864
901,2044,2,7913.874
901,2045,2,7953.747
901,2046,2,7987.264
901,2047,2,8014.873
901,2048,2,8037.143
901,2049,2,8054.467
901,2050,2,8067.278
901,2051,2,8076.009
901,2052,2,8081.161
901,2053,2,8083.294
901,2054,2,8082.938
901,2055,2,8080.47
901,2056,2,8076.064
901,2057,2,8069.697
901,2058,2,8061.439
901,2059,2,8051.524
901,2060,2,8040.164
901,2061,2,8027.474
901,2062,2,8013.475
901,2063,2,7998.22
901,2064,2,7981.833
901,2065,2,7964.498
901,2066,2,7946.366
901,2067,2,7927.412
901,2068,2,7907.523
901,2069,2,7886.585
901,2070,2,7864.338
901,2071,2,7840.517
901,2072,2,7814.853
901,2073,2,7787.181
901,2074,2,7757.389
901,2075,2,7725.371
901,2076,2,7691.079
901,2077,2,7654.729
901,2078,2,7616.644
901,2079,2,7577.112
901,2080,2,7536.318
901,2081,2,7494.402
901,2082,2,7451.636
901,2083,2,7408.447
901,2084,2,7365.318
901,2085,2,7322.587
901,2086,2,7280.465
901,2087,2,7239.207
901,2088,2,7199.245
901,2089,2,7161.134
901,2090,2,7125.423
901,2091,2,7092.544
901,2092,2,7062.821
901,2093,2,7036.496
901,2094,2,7013.741
901,2095,2,6994.652
901,2096,2,6979.31
901,2097,2,6967.73
901,2098,2,6959.906
901,2099,2,6955.851
902,2021,2,21290.301
902,2022,2,21666.707
902,2023,2,22056.466
902,2024,2,22455.964
902,2025,2,22863.368
902,2026,2,23279.128
902,2027,2,23706.531
902,2028,2,24148.076
902,2029,2,24604.037
902,2030,2,25075.034
902,2031,2,25561.648
902,2032,2,26063.412
902,2033,2,26579.33
902,2034,2,27108.181
902,2035,2,27649.007
902,2036,2,28200.929
902,2037,2,28762.452
902,2038,2,29331.57
902,2039,2,29906.183
902,2040,2,30484.634
902,2041,2,31065.824
902,2042,2,31649.027
902,2043,2,32233.037
902,2044,2,32816.191
902,2045,2,33397.454
902,2046,2,33976.359
902,2047,2,34552.676
902,2048,2,35125.595
902,2049,2,35693.634
902,2050,2,36255.552
902,2051,2,36810.411
902,2052,2,37357.476
902,2053,2,37895.796
902,2054,2,38424.182
902,2055,2,38941.584
902,2056,2,39447.314
902,2057,2,39941.396
902,2058,2,40423.857
902,2059,2,40894.474
902,2060,2,41353.003
902,2061,2,41799.394
902,2062,2,42234.129
902,2063,2,42657.89
902,2064,2,43071.236
902,2065,2,43475.093
902,2066,2,43870.36
902,2067,2,44257.541
902,2068,2,44636.835
902,2069,2,45008.255
902,2070,2,45371.557
902,2071,2,45726.271
902,2072,2,46071.437
902,2073,2,46406.168
902,2074,2,46729.806
902,2075,2,47041.909
902,2076,2,47342.243
902,2077,2,47630.817
902,2078,2,47907.569
902,2079,2,48172.178
902,2080,2,48423.682
902,2081,2,48661.031
902,2082,2,48884.218
902,2083,2,49094.013
902,2084,2,49291.647
902,2085,2,49478.141
902,2086,2,49654.566
902,2087,2,49822.994
902,2088,2,49985.944
902,2089,2,50146
902,2090,2,50305.502
902,2091,2,50466.275
902,2092,2,50629.63
902,2093,2,50796.54
902,2094,2,50967.604
902,2095,2,51143.256
902,2096,2,51323.785
902,2097,2,51509.225
902,2098,2,51699.591
902,2099,2,51894.853
941,2021,2,3522.089
941,2022,2,3555.726
941,2023,2,3591.514
941,2024,2,3628.745
941,2025,2,3666.996
941,2026,2,3706.265
941,2027,2,3747.163
941,2028,2,3790.194
941,2029,2,3835.49
941,2030,2,3883.141
941,2031,2,3933.208
941,2032,2,3985.756
941,2033,2,4040.861
941,2034,2,4098.624
941,2035,2,4159.122
941,2036,2,4222.392
941,2037,2,4288.45
941,2038,2,4357.328
941,2039,2,4429.084
941,2040,2,4503.772
941,2041,2,4581.4
941,2042,2,4661.998
941,2043,2,4745.571
941,2044,2,4832.162
941,2045,2,4921.806
941,2046,2,5014.491
941,2047,2,5110.246
941,2048,2,5209.082
941,2049,2,5310.997
941,2050,2,5416.066
941,2051,2,5524.322
941,2052,2,5635.777
941,2053,2,5750.394
941,2054,2,5868.146
941,2055,2,5988.974
941,2056,2,6112.82
941,2057,2,6239.617
941,2058,2,6369.27
941,2059,2,6501.711
941,2060,2,6636.922
941,2061,2,6774.929
941,2062,2,6915.729
941,2063,2,7059.278
941,2064,2,7205.467
941,2065,2,7354.244
941,2066,2,7505.559
941,2067,2,7659.314
941,2068,2,7815.353
941,2069,2,7973.505
941,2070,2,8133.633
941,2071,2,8295.659
941,2072,2,8459.483
941,2073,2,8624.97
941,2074,2,8791.918
941,2075,2,8960.239
941,2076,2,9129.909
941,2077,2,9300.859
941,2078,2,9472.921
941,2079,2,9645.837
941,2080,2,9819.377
941,2081,2,9993.388
941,2082,2,10167.681
941,2083,2,10341.993
941,2084,2,10516.055
941,2085,2,10689.623
941,2086,2,10862.568
941,2087,2,11034.836
941,2088,2,11206.297
941,2089,2,11376.771
941,2090,2,11546.09
941,2091,2,11714.152
941,2092,2,11880.887
941,2093,2,12046.265
941,2094,2,12210.252
941,2095,2,12372.846
941,2096,2,12534.02
941,2097,2,12693.791
941,2098,2,12852.159
941,2099,2,13009.107
934,2021,2,17768.212
934,2022,2,18110.981
934,2023,2,18464.952
934,2024,2,18827.219
934,2025,2,19196.372
934,2026,2,19572.863
934,2027,2,19959.368
934,2028,2,20357.882
934,2029,2,20768.547
934,2030,2,21191.893
934,2031,2,21628.44
934,2032,2,22077.656
934,2033,2,22538.469
934,2034,2,23009.557
934,2035,2,23489.885
934,2036,2,23978.537
934,2037,2,24474.002
934,2038,2,24974.242
934,2039,2,25477.099
934,2040,2,25980.862
934,2041,2,26484.424
934,2042,2,26987.029
934,2043,2,27487.466
934,2044,2,27984.029
934,2045,2,28475.648
934,2046,2,28961.868
934,2047,2,29442.43
934,2048,2,29916.513
934,2049,2,30382.637
934,2050,2,30839.486
934,2051,2,31286.089
934,2052,2,31721.699
934,2053,2,32145.402
934,2054,2,32556.036
934,2055,2,32952.61
934,2056,2,33334.494
934,2057,2,33701.779
934,2058,2,34054.587
934,2059,2,34392.763
934,2060,2,34716.081
934,2061,2,35024.465
934,2062,2,35318.4
934,2063,2,35598.612
934,2064,2,35865.769
934,2065,2,36120.849
934,2066,2,36364.801
934,2067,2,36598.227
934,2068,2,36821.482
934,2069,2,37034.75
934,2070,2,37237.924
934,2071,2,37430.612
934,2072,2,37611.954
934,2073,2,37781.198
934,2074,2,37937.888
934,2075,2,38081.67
934,2076,2,38212.334
934,2077,2,38329.958
934,2078,2,38434.648
934,2079,2,38526.341
934,2080,2,38604.305
934,2081,2,38667.643
934,2082,2,38716.537
934,2083,2,38752.02
934,2084,2,38775.592
934,2085,2,38788.518
934,2086,2,38791.998
934,2087,2,38788.158
934,2088,2,38779.647
934,2089,2,38769.229
934,2090,2,38759.412
934,2091,2,38752.123
934,2092,2,38748.743
934,2093,2,38750.275
934,2094,2,38757.352
934,2095,2,38770.41
934,2096,2,38789.765
934,2097,2,38815.434
934,2098,2,38847.432
934,2099,2,38885.746
948,2021,2,16347.265
948,2022,2,16590.104
948,2023,2,16841.953
948,2024,2,17101.045
948,2025,2,17366.401
948,2026,2,17638.168
948,2027,2,17918.192
948,2028,2,18208.062
948,2029,2,18508.314
948,2030,2,18819.701
948,2031,2,19142.934
948,2032,2,19478.153
948,2033,2,19825.225
948,2034,2,20183.851
948,2035,2,20553.768
948,2036,2,20934.566
948,2037,2,21325.338
948,2038,2,21724.941
948,2039,2,22132.348
948,2040,2,22546.759
948,2041,2,22967.619
948,2042,2,23394.573
948,2043,2,23826.992
948,2044,2,24264.043
948,2045,2,24705.136
948,2046,2,25149.918
948,2047,2,25598.281
948,2048,2,26049.89
948,2049,2,26504.11
948,2050,2,26960.516
948,2051,2,27418.841
948,2052,2,27878.918
948,2053,2,28340.434
948,2054,2,28802.895
948,2055,2,29266.102
948,2056,2,29730.024
948,2057,2,30194.532
948,2058,2,30659.227
948,2059,2,31123.446
948,2060,2,31586.705
948,2061,2,32048.685
948,2062,2,32508.862
948,2063,2,32966.517
948,2064,2,33420.738
948,2065,2,33870.996
948,2066,2,34316.995
948,2067,2,34758.382
948,2068,2,35194.452
948,2069,2,35624.224
948,2070,2,36046.585
948,2071,2,36460.611
948,2072,2,36865.778
948,2073,2,37261.719
948,2074,2,37648.03
948,2075,2,38024.631
948,2076,2,38391.743
948,2077,2,38749.992
948,2078,2,39099.925
948,2079,2,39441.697
948,2080,2,39775.088
948,2081,2,40099.721
948,2082,2,40415.455
948,2083,2,40722.562
948,2084,2,41021.628
948,2085,2,41313.408
948,2086,2,41598.756
948,2087,2,41878.551
948,2088,2,42153.527
948,2089,2,42424.263
948,2090,2,42691.035
948,2091,2,42953.813
948,2092,2,43212.431
948,2093,2,43466.671
948,2094,2,43716.277
948,2095,2,43961.132
948,2096,2,44201.179
948,2097,2,44436.343
948,2098,2,44666.618
948,2099,2,44891.972
1636,2021,2,1745.027
1636,2022,2,1760.109
1636,2023,2,1776.552
1636,2024,2,1793.942
1636,2025,2,1812.072
1636,2026,2,1830.983
1636,2027,2,1851.065
1636,2028,2,1872.614
1636,2029,2,1895.673
1636,2030,2,1920.264
1636,2031,2,1946.408
1636,2032,2,1974.044
1636,2033,2,2003.132
1636,2034,2,2033.626
1636,2035,2,2065.502
1636,2036,2,2098.74
1636,2037,2,2133.302
1636,2038,2,2169.137
1636,2039,2,2206.187
1636,2040,2,2244.383
1636,2041,2,2283.66
1636,2042,2,2324.003
1636,2043,2,2365.402
1636,2044,2,2407.857
1636,2045,2,2451.366
1636,2046,2,2495.918
1636,2047,2,2541.592
1636,2048,2,2588.476
1636,2049,2,2636.645
1636,2050,2,2686.196
1636,2051,2,2737.193
1636,2052,2,2789.707
1636,2053,2,2843.8
1636,2054,2,2899.56
1636,2055,2,2957.044
1636,2056,2,3016.298
1636,2057,2,3077.311
1636,2058,2,3140.064
1636,2059,2,3204.558
1636,2060,2,3270.836
1636,2061,2,3338.939
1636,2062,2,3408.825
1636,2063,2,3480.415
1636,2064,2,3553.591
1636,2065,2,3628.284
1636,2066,2,3704.422
1636,2067,2,3781.874
1636,2068,2,3860.478
1636,2069,2,3940.037
1636,2070,2,4020.402
1636,2071,2,4101.498
1636,2072,2,4183.227
1636,2073,2,4265.469
1636,2074,2,4348.03
1636,2075,2,4430.759
1636,2076,2,4513.533
1636,2077,2,4596.313
1636,2078,2,4679.014
1636,2079,2,4761.533
1636,2080,2,4843.765
1636,2081,2,4925.654
1636,2082,2,5007.224
1636,2083,2,5088.499
1636,2084,2,5169.493
1636,2085,2,5250.237
1636,2086,2,5330.794
1636,2087,2,5411.229
1636,2088,2,5491.557
1636,2089,2,5571.789
1636,2090,2,5651.881
1636,2091,2,5731.786
1636,2092,2,5811.453
1636,2093,2,5890.833
1636,2094,2,5969.884
1636,2095,2,6048.582
1636,2096,2,6126.903
1636,2097,2,6204.851
1636,2098,2,6282.425
1636,2099,2,6359.61
1637,2021,2,251.029
1637,2022,2,254.861
1637,2023,2,258.835
1637,2024,2,262.936
1637,2025,2,267.141
1637,2026,2,271.446
1637,2027,2,275.85
1637,2028,2,280.371
1637,2029,2,285.011
1637,2030,2,289.784
1637,2031,2,294.711
1637,2032,2,299.81
1637,2033,2,305.088
1637,2034,2,310.535
1637,2035,2,316.143
1637,2036,2,321.915
1637,2037,2,327.82
1637,2038,2,333.832
1637,2039,2,339.91
1637,2040,2,346.06
1637,2041,2,352.261
1637,2042,2,358.512
1637,2043,2,364.786
1637,2044,2,371.055
1637,2045,2,377.296
1637,2046,2,383.488
1637,2047,2,389.62
1637,2048,2,395.662
1637,2049,2,401.579
1637,2050,2,407.327
1637,2051,2,412.892
1637,2052,2,418.251
1637,2053,2,423.401
1637,2054,2,428.325
1637,2055,2,433.029
1637,2056,2,437.509
1637,2057,2,441.792
1637,2058,2,445.895
1637,2059,2,449.823
1637,2060,2,453.562
1637,2061,2,457.106
1637,2062,2,460.441
1637,2063,2,463.591
1637,2064,2,466.553
1637,2065,2,469.374
1637,2066,2,472.065
1637,2067,2,474.664
1637,2068,2,477.198
1637,2069,2,479.694
1637,2070,2,482.156
1637,2071,2,484.591
1637,2072,2,486.975
1637,2073,2,489.313
1637,2074,2,491.608
1637,2075,2,493.881
1637,2076,2,496.14
1637,2077,2,498.385
1637,2078,2,500.625
1637,2079,2,502.843
1637,2080,2,505.011
1637,2081,2,507.126
1637,2082,2,509.142
1637,2083,2,511.053
1637,2084,2,512.829
1637,2085,2,514.44
1637,2086,2,515.867
1637,2087,2,517.135
1637,2088,2,518.234
1637,2089,2,519.176
1637,2090,2,519.98
1637,2091,2,520.669
1637,2092,2,521.256
1637,2093,2,521.76
1637,2094,2,522.198
1637,2095,2,522.573
1637,2096,2,522.905
1637,2097,2,523.181
1637,2098,2,523.404
1637,2099,2,523.574
